{"assets":[{"id":"image_0","w":255,"h":255,"u":"images/","p":"img_0.png"},{"id":"image_1","w":255,"h":255,"u":"images/","p":"img_1.png"},{"id":"image_2","w":255,"h":255,"u":"images/","p":"img_2.png"},{"id":"image_3","w":255,"h":255,"u":"images/","p":"img_3.png"},{"id":"image_4","w":255,"h":255,"u":"images/","p":"img_4.png"},{"id":"image_5","w":255,"h":255,"u":"images/","p":"img_5.png"},{"id":"image_6","w":255,"h":255,"u":"images/","p":"img_6.png"},{"id":"image_7","w":255,"h":255,"u":"images/","p":"img_7.png"},{"id":"image_8","w":255,"h":255,"u":"images/","p":"img_8.png"},{"id":"image_9","w":255,"h":255,"u":"images/","p":"img_9.png"},{"id":"comp_0","layers":[{"ddd":0,"ind":0,"ty":4,"nm":"Shape Layer 2","ks":{"o":{"k":100},"r":{"k":0},"p":{"k":[250,250,0]},"a":{"k":[0,0,0]},"s":{"k":[100,100,100]}},"ao":0,"shapes":[{"ty":"gr","it":[{"ind":0,"ty":"sh","ks":{"k":{"i":[[0,0],[-42.938,-19.879]],"o":[[0,0],[40.5,18.75]],"v":[[82,-93],[148.5,-109.75]],"c":false}},"nm":"Path 1","mn":"ADBE Vector Shape - Group"},{"ty":"st","c":{"k":[1,0.87,0.93,1]},"o":{"k":100},"w":{"k":[{"i":{"x":[0.667],"y":[1]},"o":{"x":[0.167],"y":[0.167]},"n":["0p667_1_0p167_0p167"],"t":77,"s":[0],"e":[6]},{"i":{"x":[0.833],"y":[0.833]},"o":{"x":[0.333],"y":[0]},"n":["0p833_0p833_0p333_0"],"t":80,"s":[6],"e":[0]},{"t":83}]},"lc":2,"lj":2,"nm":"Stroke 1","mn":"ADBE Vector Graphic - Stroke"},{"ty":"tr","p":{"k":[0,0],"ix":2},"a":{"k":[0,0],"ix":1},"s":{"k":[100,100],"ix":3},"r":{"k":0,"ix":6},"o":{"k":100,"ix":7},"sk":{"k":0,"ix":4},"sa":{"k":0,"ix":5},"nm":"Transform"}],"nm":"Shape 1","np":3,"mn":"ADBE Vector Group"},{"ty":"tm","s":{"k":[{"i":{"x":[0.833],"y":[0.833]},"o":{"x":[0.167],"y":[0.167]},"n":["0p833_0p833_0p167_0p167"],"t":77,"s":[0],"e":[55]},{"i":{"x":[0.833],"y":[0.833]},"o":{"x":[0.167],"y":[0.167]},"n":["0p833_0p833_0p167_0p167"],"t":80,"s":[55],"e":[100]},{"t":83}],"ix":1},"e":{"k":[{"i":{"x":[0.833],"y":[0.833]},"o":{"x":[0.167],"y":[0.167]},"n":["0p833_0p833_0p167_0p167"],"t":77,"s":[1],"e":[45]},{"i":{"x":[0.833],"y":[0.833]},"o":{"x":[0.167],"y":[0.167]},"n":["0p833_0p833_0p167_0p167"],"t":80,"s":[45],"e":[99]},{"t":83}],"ix":2},"o":{"k":0,"ix":3},"m":1,"ix":2,"nm":"Trim Paths 1","mn":"ADBE Vector Filter - Trim"}],"ip":77,"op":87,"st":24,"bm":0,"sr":1},{"ddd":0,"ind":1,"ty":4,"nm":"Shape Layer 6","ks":{"o":{"k":100},"r":{"k":[{"i":{"x":[0.833],"y":[0.833]},"o":{"x":[0.167],"y":[0.167]},"n":["0p833_0p833_0p167_0p167"],"t":77,"s":[0],"e":[90]},{"t":89}]},"p":{"k":[{"i":{"x":0.833,"y":0.833},"o":{"x":0.167,"y":0.167},"n":"0p833_0p833_0p167_0p167","t":77,"s":[179,349,0],"e":[86,445,0],"to":[0,0,0],"ti":[0,0,0]},{"t":89}]},"a":{"k":[0,0,0]},"s":{"k":[{"i":{"x":[0.498,0.498,0.667],"y":[1,1,0.667]},"o":{"x":[0.167,0.167,0.333],"y":[0.325,0.325,0.333]},"n":["0p498_1_0p167_0p325","0p498_1_0p167_0p325","0p667_0p667_0p333_0p333"],"t":77,"s":[0,0,100],"e":[6,6,100]},{"i":{"x":[0.833,0.833,0.667],"y":[0.676,0.676,0.667]},"o":{"x":[0.507,0.507,0.333],"y":[0,0,0.333]},"n":["0p833_0p676_0p507_0","0p833_0p676_0p507_0","0p667_0p667_0p333_0p333"],"t":83,"s":[6,6,100],"e":[0,0,100]},{"t":89}]}},"ao":0,"shapes":[{"ty":"gr","it":[{"ty":"sr","sy":1,"d":1,"pt":{"k":5,"ix":3},"p":{"k":[0,0],"ix":4},"r":{"k":0,"ix":5},"ir":{"k":125,"ix":6},"is":{"k":0,"ix":8},"or":{"k":250,"ix":7},"os":{"k":0,"ix":9},"ix":1,"nm":"Polystar Path 1","mn":"ADBE Vector Shape - Star"},{"ty":"st","c":{"k":[1,0.87,0.93,1]},"o":{"k":100},"w":{"k":6},"lc":2,"lj":2,"nm":"Stroke 1","mn":"ADBE Vector Graphic - Stroke"},{"ty":"fl","c":{"k":[1,0.87,0.93,1]},"o":{"k":100},"nm":"Fill 1","mn":"ADBE Vector Graphic - Fill"},{"ty":"tr","p":{"k":[0,0],"ix":2},"a":{"k":[0,0],"ix":1},"s":{"k":[100,100],"ix":3},"r":{"k":0,"ix":6},"o":{"k":100,"ix":7},"sk":{"k":0,"ix":4},"sa":{"k":0,"ix":5},"nm":"Transform"}],"nm":"Polystar 1","np":3,"mn":"ADBE Vector Group"}],"ip":77,"op":312,"st":24,"bm":0,"sr":1},{"ddd":0,"ind":2,"ty":4,"nm":"Shape Layer 5","ks":{"o":{"k":100},"r":{"k":[{"i":{"x":[0.833],"y":[0.833]},"o":{"x":[0.167],"y":[0.167]},"n":["0p833_0p833_0p167_0p167"],"t":77,"s":[0],"e":[90]},{"t":89}]},"p":{"k":[{"i":{"x":0.833,"y":0.833},"o":{"x":0.167,"y":0.167},"n":"0p833_0p833_0p167_0p167","t":77,"s":[236,130,0],"e":[211,39,0],"to":[0,0,0],"ti":[0,0,0]},{"t":89}]},"a":{"k":[0,0,0]},"s":{"k":[{"i":{"x":[0.498,0.498,0.667],"y":[1,1,0.667]},"o":{"x":[0.167,0.167,0.333],"y":[0.976,0.976,0.333]},"n":["0p498_1_0p167_0p976","0p498_1_0p167_0p976","0p667_0p667_0p333_0p333"],"t":77,"s":[0,0,100],"e":[2,2,100]},{"i":{"x":[0.833,0.833,0.667],"y":[0.029,0.029,0.667]},"o":{"x":[0.507,0.507,0.333],"y":[0,0,0.333]},"n":["0p833_0p029_0p507_0","0p833_0p029_0p507_0","0p667_0p667_0p333_0p333"],"t":83,"s":[2,2,100],"e":[0,0,100]},{"t":89}]}},"ao":0,"shapes":[{"ty":"gr","it":[{"ty":"sr","sy":1,"d":1,"pt":{"k":5,"ix":3},"p":{"k":[0,0],"ix":4},"r":{"k":0,"ix":5},"ir":{"k":125,"ix":6},"is":{"k":0,"ix":8},"or":{"k":250,"ix":7},"os":{"k":0,"ix":9},"ix":1,"nm":"Polystar Path 1","mn":"ADBE Vector Shape - Star"},{"ty":"st","c":{"k":[1,0.87,0.93,1]},"o":{"k":100},"w":{"k":6},"lc":2,"lj":2,"nm":"Stroke 1","mn":"ADBE Vector Graphic - Stroke"},{"ty":"fl","c":{"k":[1,0.87,0.93,1]},"o":{"k":100},"nm":"Fill 1","mn":"ADBE Vector Graphic - Fill"},{"ty":"tr","p":{"k":[0,0],"ix":2},"a":{"k":[0,0],"ix":1},"s":{"k":[100,100],"ix":3},"r":{"k":0,"ix":6},"o":{"k":100,"ix":7},"sk":{"k":0,"ix":4},"sa":{"k":0,"ix":5},"nm":"Transform"}],"nm":"Polystar 1","np":3,"mn":"ADBE Vector Group"}],"ip":77,"op":312,"st":24,"bm":0,"sr":1},{"ddd":0,"ind":3,"ty":4,"nm":"Shape Layer 4","ks":{"o":{"k":100},"r":{"k":[{"i":{"x":[0.833],"y":[0.833]},"o":{"x":[0.167],"y":[0.167]},"n":["0p833_0p833_0p167_0p167"],"t":77,"s":[0],"e":[90]},{"t":89}]},"p":{"k":[{"i":{"x":0.833,"y":0.833},"o":{"x":0.167,"y":0.167},"n":"0p833_0p833_0p167_0p167","t":77,"s":[336,337,0],"e":[398,400,0],"to":[0,0,0],"ti":[0,0,0]},{"t":89}]},"a":{"k":[0,0,0]},"s":{"k":[{"i":{"x":[0.498,0.498,0.667],"y":[1,1,0.667]},"o":{"x":[0.167,0.167,0.333],"y":[0.488,0.488,0.333]},"n":["0p498_1_0p167_0p488","0p498_1_0p167_0p488","0p667_0p667_0p333_0p333"],"t":77,"s":[0,0,100],"e":[4,4,100]},{"i":{"x":[0.833,0.833,0.667],"y":[0.514,0.514,0.667]},"o":{"x":[0.507,0.507,0.333],"y":[0,0,0.333]},"n":["0p833_0p514_0p507_0","0p833_0p514_0p507_0","0p667_0p667_0p333_0p333"],"t":83,"s":[4,4,100],"e":[0,0,100]},{"t":89}]}},"ao":0,"shapes":[{"ty":"gr","it":[{"ty":"sr","sy":1,"d":1,"pt":{"k":5,"ix":3},"p":{"k":[0,0],"ix":4},"r":{"k":0,"ix":5},"ir":{"k":125,"ix":6},"is":{"k":0,"ix":8},"or":{"k":250,"ix":7},"os":{"k":0,"ix":9},"ix":1,"nm":"Polystar Path 1","mn":"ADBE Vector Shape - Star"},{"ty":"st","c":{"k":[1,0.87,0.93,1]},"o":{"k":100},"w":{"k":6},"lc":2,"lj":2,"nm":"Stroke 1","mn":"ADBE Vector Graphic - Stroke"},{"ty":"fl","c":{"k":[1,0.87,0.93,1]},"o":{"k":100},"nm":"Fill 1","mn":"ADBE Vector Graphic - Fill"},{"ty":"tr","p":{"k":[0,0],"ix":2},"a":{"k":[0,0],"ix":1},"s":{"k":[100,100],"ix":3},"r":{"k":0,"ix":6},"o":{"k":100,"ix":7},"sk":{"k":0,"ix":4},"sa":{"k":0,"ix":5},"nm":"Transform"}],"nm":"Polystar 1","np":3,"mn":"ADBE Vector Group"}],"ip":77,"op":312,"st":24,"bm":0,"sr":1}]},{"id":"comp_1","layers":[{"ddd":0,"ind":0,"ty":4,"nm":"Shape Layer 2","ks":{"o":{"k":100},"r":{"k":0},"p":{"k":[250,250,0]},"a":{"k":[0,0,0]},"s":{"k":[100,100,100]}},"ao":0,"shapes":[{"ty":"gr","it":[{"ind":0,"ty":"sh","ks":{"k":{"i":[[0,0],[-42.938,-19.879]],"o":[[0,0],[40.5,18.75]],"v":[[82,-93],[148.5,-109.75]],"c":false}},"nm":"Path 1","mn":"ADBE Vector Shape - Group"},{"ty":"st","c":{"k":[1,0.75,0.95,1]},"o":{"k":100},"w":{"k":[{"i":{"x":[0.667],"y":[1]},"o":{"x":[0.167],"y":[0.167]},"n":["0p667_1_0p167_0p167"],"t":77,"s":[0],"e":[6]},{"i":{"x":[0.833],"y":[0.833]},"o":{"x":[0.333],"y":[0]},"n":["0p833_0p833_0p333_0"],"t":80,"s":[6],"e":[0]},{"t":83}]},"lc":2,"lj":2,"nm":"Stroke 1","mn":"ADBE Vector Graphic - Stroke"},{"ty":"tr","p":{"k":[0,0],"ix":2},"a":{"k":[0,0],"ix":1},"s":{"k":[100,100],"ix":3},"r":{"k":0,"ix":6},"o":{"k":100,"ix":7},"sk":{"k":0,"ix":4},"sa":{"k":0,"ix":5},"nm":"Transform"}],"nm":"Shape 1","np":3,"mn":"ADBE Vector Group"},{"ty":"tm","s":{"k":[{"i":{"x":[0.833],"y":[0.833]},"o":{"x":[0.167],"y":[0.167]},"n":["0p833_0p833_0p167_0p167"],"t":77,"s":[0],"e":[55]},{"i":{"x":[0.833],"y":[0.833]},"o":{"x":[0.167],"y":[0.167]},"n":["0p833_0p833_0p167_0p167"],"t":80,"s":[55],"e":[100]},{"t":83}],"ix":1},"e":{"k":[{"i":{"x":[0.833],"y":[0.833]},"o":{"x":[0.167],"y":[0.167]},"n":["0p833_0p833_0p167_0p167"],"t":77,"s":[1],"e":[45]},{"i":{"x":[0.833],"y":[0.833]},"o":{"x":[0.167],"y":[0.167]},"n":["0p833_0p833_0p167_0p167"],"t":80,"s":[45],"e":[99]},{"t":83}],"ix":2},"o":{"k":0,"ix":3},"m":1,"ix":2,"nm":"Trim Paths 1","mn":"ADBE Vector Filter - Trim"}],"ip":77,"op":87,"st":24,"bm":0,"sr":1},{"ddd":0,"ind":1,"ty":4,"nm":"Shape Layer 6","ks":{"o":{"k":100},"r":{"k":[{"i":{"x":[0.833],"y":[0.833]},"o":{"x":[0.167],"y":[0.167]},"n":["0p833_0p833_0p167_0p167"],"t":77,"s":[0],"e":[90]},{"t":89}]},"p":{"k":[{"i":{"x":0.833,"y":0.833},"o":{"x":0.167,"y":0.167},"n":"0p833_0p833_0p167_0p167","t":77,"s":[179,349,0],"e":[86,445,0],"to":[0,0,0],"ti":[0,0,0]},{"t":89}]},"a":{"k":[0,0,0]},"s":{"k":[{"i":{"x":[0.498,0.498,0.667],"y":[1,1,0.667]},"o":{"x":[0.167,0.167,0.333],"y":[0.325,0.325,0.333]},"n":["0p498_1_0p167_0p325","0p498_1_0p167_0p325","0p667_0p667_0p333_0p333"],"t":77,"s":[0,0,100],"e":[6,6,100]},{"i":{"x":[0.833,0.833,0.667],"y":[0.676,0.676,0.667]},"o":{"x":[0.507,0.507,0.333],"y":[0,0,0.333]},"n":["0p833_0p676_0p507_0","0p833_0p676_0p507_0","0p667_0p667_0p333_0p333"],"t":83,"s":[6,6,100],"e":[0,0,100]},{"t":89}]}},"ao":0,"shapes":[{"ty":"gr","it":[{"ty":"sr","sy":1,"d":1,"pt":{"k":5,"ix":3},"p":{"k":[0,0],"ix":4},"r":{"k":0,"ix":5},"ir":{"k":125,"ix":6},"is":{"k":0,"ix":8},"or":{"k":250,"ix":7},"os":{"k":0,"ix":9},"ix":1,"nm":"Polystar Path 1","mn":"ADBE Vector Shape - Star"},{"ty":"st","c":{"k":[1,0.75,0.95,1]},"o":{"k":100},"w":{"k":6},"lc":2,"lj":2,"nm":"Stroke 1","mn":"ADBE Vector Graphic - Stroke"},{"ty":"fl","c":{"k":[1,0.75,0.95,1]},"o":{"k":100},"nm":"Fill 1","mn":"ADBE Vector Graphic - Fill"},{"ty":"tr","p":{"k":[0,0],"ix":2},"a":{"k":[0,0],"ix":1},"s":{"k":[100,100],"ix":3},"r":{"k":0,"ix":6},"o":{"k":100,"ix":7},"sk":{"k":0,"ix":4},"sa":{"k":0,"ix":5},"nm":"Transform"}],"nm":"Polystar 1","np":3,"mn":"ADBE Vector Group"}],"ip":77,"op":312,"st":24,"bm":0,"sr":1},{"ddd":0,"ind":2,"ty":4,"nm":"Shape Layer 5","ks":{"o":{"k":100},"r":{"k":[{"i":{"x":[0.833],"y":[0.833]},"o":{"x":[0.167],"y":[0.167]},"n":["0p833_0p833_0p167_0p167"],"t":77,"s":[0],"e":[90]},{"t":89}]},"p":{"k":[{"i":{"x":0.833,"y":0.833},"o":{"x":0.167,"y":0.167},"n":"0p833_0p833_0p167_0p167","t":77,"s":[236,130,0],"e":[211,39,0],"to":[0,0,0],"ti":[0,0,0]},{"t":89}]},"a":{"k":[0,0,0]},"s":{"k":[{"i":{"x":[0.498,0.498,0.667],"y":[1,1,0.667]},"o":{"x":[0.167,0.167,0.333],"y":[0.976,0.976,0.333]},"n":["0p498_1_0p167_0p976","0p498_1_0p167_0p976","0p667_0p667_0p333_0p333"],"t":77,"s":[0,0,100],"e":[2,2,100]},{"i":{"x":[0.833,0.833,0.667],"y":[0.029,0.029,0.667]},"o":{"x":[0.507,0.507,0.333],"y":[0,0,0.333]},"n":["0p833_0p029_0p507_0","0p833_0p029_0p507_0","0p667_0p667_0p333_0p333"],"t":83,"s":[2,2,100],"e":[0,0,100]},{"t":89}]}},"ao":0,"shapes":[{"ty":"gr","it":[{"ty":"sr","sy":1,"d":1,"pt":{"k":5,"ix":3},"p":{"k":[0,0],"ix":4},"r":{"k":0,"ix":5},"ir":{"k":125,"ix":6},"is":{"k":0,"ix":8},"or":{"k":250,"ix":7},"os":{"k":0,"ix":9},"ix":1,"nm":"Polystar Path 1","mn":"ADBE Vector Shape - Star"},{"ty":"st","c":{"k":[1,0.75,0.95,1]},"o":{"k":100},"w":{"k":6},"lc":2,"lj":2,"nm":"Stroke 1","mn":"ADBE Vector Graphic - Stroke"},{"ty":"fl","c":{"k":[1,0.75,0.95,1]},"o":{"k":100},"nm":"Fill 1","mn":"ADBE Vector Graphic - Fill"},{"ty":"tr","p":{"k":[0,0],"ix":2},"a":{"k":[0,0],"ix":1},"s":{"k":[100,100],"ix":3},"r":{"k":0,"ix":6},"o":{"k":100,"ix":7},"sk":{"k":0,"ix":4},"sa":{"k":0,"ix":5},"nm":"Transform"}],"nm":"Polystar 1","np":3,"mn":"ADBE Vector Group"}],"ip":77,"op":312,"st":24,"bm":0,"sr":1},{"ddd":0,"ind":3,"ty":4,"nm":"Shape Layer 4","ks":{"o":{"k":100},"r":{"k":[{"i":{"x":[0.833],"y":[0.833]},"o":{"x":[0.167],"y":[0.167]},"n":["0p833_0p833_0p167_0p167"],"t":77,"s":[0],"e":[90]},{"t":89}]},"p":{"k":[{"i":{"x":0.833,"y":0.833},"o":{"x":0.167,"y":0.167},"n":"0p833_0p833_0p167_0p167","t":77,"s":[336,337,0],"e":[398,400,0],"to":[0,0,0],"ti":[0,0,0]},{"t":89}]},"a":{"k":[0,0,0]},"s":{"k":[{"i":{"x":[0.498,0.498,0.667],"y":[1,1,0.667]},"o":{"x":[0.167,0.167,0.333],"y":[0.488,0.488,0.333]},"n":["0p498_1_0p167_0p488","0p498_1_0p167_0p488","0p667_0p667_0p333_0p333"],"t":77,"s":[0,0,100],"e":[4,4,100]},{"i":{"x":[0.833,0.833,0.667],"y":[0.514,0.514,0.667]},"o":{"x":[0.507,0.507,0.333],"y":[0,0,0.333]},"n":["0p833_0p514_0p507_0","0p833_0p514_0p507_0","0p667_0p667_0p333_0p333"],"t":83,"s":[4,4,100],"e":[0,0,100]},{"t":89}]}},"ao":0,"shapes":[{"ty":"gr","it":[{"ty":"sr","sy":1,"d":1,"pt":{"k":5,"ix":3},"p":{"k":[0,0],"ix":4},"r":{"k":0,"ix":5},"ir":{"k":125,"ix":6},"is":{"k":0,"ix":8},"or":{"k":250,"ix":7},"os":{"k":0,"ix":9},"ix":1,"nm":"Polystar Path 1","mn":"ADBE Vector Shape - Star"},{"ty":"st","c":{"k":[1,0.75,0.95,1]},"o":{"k":100},"w":{"k":6},"lc":2,"lj":2,"nm":"Stroke 1","mn":"ADBE Vector Graphic - Stroke"},{"ty":"fl","c":{"k":[1,0.75,0.95,1]},"o":{"k":100},"nm":"Fill 1","mn":"ADBE Vector Graphic - Fill"},{"ty":"tr","p":{"k":[0,0],"ix":2},"a":{"k":[0,0],"ix":1},"s":{"k":[100,100],"ix":3},"r":{"k":0,"ix":6},"o":{"k":100,"ix":7},"sk":{"k":0,"ix":4},"sa":{"k":0,"ix":5},"nm":"Transform"}],"nm":"Polystar 1","np":3,"mn":"ADBE Vector Group"}],"ip":77,"op":312,"st":24,"bm":0,"sr":1}]},{"id":"comp_2","layers":[{"ddd":0,"ind":0,"ty":4,"nm":"Shape Layer 2","ks":{"o":{"k":100},"r":{"k":0},"p":{"k":[250,250,0]},"a":{"k":[0,0,0]},"s":{"k":[100,100,100]}},"ao":0,"shapes":[{"ty":"gr","it":[{"ind":0,"ty":"sh","ks":{"k":{"i":[[0,0],[-42.938,-19.879]],"o":[[0,0],[40.5,18.75]],"v":[[82,-93],[148.5,-109.75]],"c":false}},"nm":"Path 1","mn":"ADBE Vector Shape - Group"},{"ty":"st","c":{"k":[1,0.87,0.93,1]},"o":{"k":100},"w":{"k":[{"i":{"x":[0.667],"y":[1]},"o":{"x":[0.167],"y":[0.167]},"n":["0p667_1_0p167_0p167"],"t":77,"s":[0],"e":[6]},{"i":{"x":[0.833],"y":[0.833]},"o":{"x":[0.333],"y":[0]},"n":["0p833_0p833_0p333_0"],"t":80,"s":[6],"e":[0]},{"t":83}]},"lc":2,"lj":2,"nm":"Stroke 1","mn":"ADBE Vector Graphic - Stroke"},{"ty":"tr","p":{"k":[0,0],"ix":2},"a":{"k":[0,0],"ix":1},"s":{"k":[100,100],"ix":3},"r":{"k":0,"ix":6},"o":{"k":100,"ix":7},"sk":{"k":0,"ix":4},"sa":{"k":0,"ix":5},"nm":"Transform"}],"nm":"Shape 1","np":3,"mn":"ADBE Vector Group"},{"ty":"tm","s":{"k":[{"i":{"x":[0.833],"y":[0.833]},"o":{"x":[0.167],"y":[0.167]},"n":["0p833_0p833_0p167_0p167"],"t":77,"s":[0],"e":[55]},{"i":{"x":[0.833],"y":[0.833]},"o":{"x":[0.167],"y":[0.167]},"n":["0p833_0p833_0p167_0p167"],"t":80,"s":[55],"e":[100]},{"t":83}],"ix":1},"e":{"k":[{"i":{"x":[0.833],"y":[0.833]},"o":{"x":[0.167],"y":[0.167]},"n":["0p833_0p833_0p167_0p167"],"t":77,"s":[1],"e":[45]},{"i":{"x":[0.833],"y":[0.833]},"o":{"x":[0.167],"y":[0.167]},"n":["0p833_0p833_0p167_0p167"],"t":80,"s":[45],"e":[99]},{"t":83}],"ix":2},"o":{"k":0,"ix":3},"m":1,"ix":2,"nm":"Trim Paths 1","mn":"ADBE Vector Filter - Trim"}],"ip":77,"op":87,"st":24,"bm":0,"sr":1},{"ddd":0,"ind":1,"ty":4,"nm":"Shape Layer 6","ks":{"o":{"k":100},"r":{"k":[{"i":{"x":[0.833],"y":[0.833]},"o":{"x":[0.167],"y":[0.167]},"n":["0p833_0p833_0p167_0p167"],"t":77,"s":[0],"e":[90]},{"t":89}]},"p":{"k":[{"i":{"x":0.833,"y":0.833},"o":{"x":0.167,"y":0.167},"n":"0p833_0p833_0p167_0p167","t":77,"s":[179,349,0],"e":[86,445,0],"to":[0,0,0],"ti":[0,0,0]},{"t":89}]},"a":{"k":[0,0,0]},"s":{"k":[{"i":{"x":[0.498,0.498,0.667],"y":[1,1,0.667]},"o":{"x":[0.167,0.167,0.333],"y":[0.325,0.325,0.333]},"n":["0p498_1_0p167_0p325","0p498_1_0p167_0p325","0p667_0p667_0p333_0p333"],"t":77,"s":[0,0,100],"e":[6,6,100]},{"i":{"x":[0.833,0.833,0.667],"y":[0.676,0.676,0.667]},"o":{"x":[0.507,0.507,0.333],"y":[0,0,0.333]},"n":["0p833_0p676_0p507_0","0p833_0p676_0p507_0","0p667_0p667_0p333_0p333"],"t":83,"s":[6,6,100],"e":[0,0,100]},{"t":89}]}},"ao":0,"shapes":[{"ty":"gr","it":[{"ty":"sr","sy":1,"d":1,"pt":{"k":5,"ix":3},"p":{"k":[0,0],"ix":4},"r":{"k":0,"ix":5},"ir":{"k":125,"ix":6},"is":{"k":0,"ix":8},"or":{"k":250,"ix":7},"os":{"k":0,"ix":9},"ix":1,"nm":"Polystar Path 1","mn":"ADBE Vector Shape - Star"},{"ty":"st","c":{"k":[1,0.87,0.93,1]},"o":{"k":100},"w":{"k":6},"lc":2,"lj":2,"nm":"Stroke 1","mn":"ADBE Vector Graphic - Stroke"},{"ty":"fl","c":{"k":[1,0.87,0.93,1]},"o":{"k":100},"nm":"Fill 1","mn":"ADBE Vector Graphic - Fill"},{"ty":"tr","p":{"k":[0,0],"ix":2},"a":{"k":[0,0],"ix":1},"s":{"k":[100,100],"ix":3},"r":{"k":0,"ix":6},"o":{"k":100,"ix":7},"sk":{"k":0,"ix":4},"sa":{"k":0,"ix":5},"nm":"Transform"}],"nm":"Polystar 1","np":3,"mn":"ADBE Vector Group"}],"ip":77,"op":312,"st":24,"bm":0,"sr":1},{"ddd":0,"ind":2,"ty":4,"nm":"Shape Layer 5","ks":{"o":{"k":100},"r":{"k":[{"i":{"x":[0.833],"y":[0.833]},"o":{"x":[0.167],"y":[0.167]},"n":["0p833_0p833_0p167_0p167"],"t":77,"s":[0],"e":[90]},{"t":89}]},"p":{"k":[{"i":{"x":0.833,"y":0.833},"o":{"x":0.167,"y":0.167},"n":"0p833_0p833_0p167_0p167","t":77,"s":[236,130,0],"e":[211,39,0],"to":[0,0,0],"ti":[0,0,0]},{"t":89}]},"a":{"k":[0,0,0]},"s":{"k":[{"i":{"x":[0.498,0.498,0.667],"y":[1,1,0.667]},"o":{"x":[0.167,0.167,0.333],"y":[0.976,0.976,0.333]},"n":["0p498_1_0p167_0p976","0p498_1_0p167_0p976","0p667_0p667_0p333_0p333"],"t":77,"s":[0,0,100],"e":[2,2,100]},{"i":{"x":[0.833,0.833,0.667],"y":[0.029,0.029,0.667]},"o":{"x":[0.507,0.507,0.333],"y":[0,0,0.333]},"n":["0p833_0p029_0p507_0","0p833_0p029_0p507_0","0p667_0p667_0p333_0p333"],"t":83,"s":[2,2,100],"e":[0,0,100]},{"t":89}]}},"ao":0,"shapes":[{"ty":"gr","it":[{"ty":"sr","sy":1,"d":1,"pt":{"k":5,"ix":3},"p":{"k":[0,0],"ix":4},"r":{"k":0,"ix":5},"ir":{"k":125,"ix":6},"is":{"k":0,"ix":8},"or":{"k":250,"ix":7},"os":{"k":0,"ix":9},"ix":1,"nm":"Polystar Path 1","mn":"ADBE Vector Shape - Star"},{"ty":"st","c":{"k":[1,0.87,0.93,1]},"o":{"k":100},"w":{"k":6},"lc":2,"lj":2,"nm":"Stroke 1","mn":"ADBE Vector Graphic - Stroke"},{"ty":"fl","c":{"k":[1,0.87,0.93,1]},"o":{"k":100},"nm":"Fill 1","mn":"ADBE Vector Graphic - Fill"},{"ty":"tr","p":{"k":[0,0],"ix":2},"a":{"k":[0,0],"ix":1},"s":{"k":[100,100],"ix":3},"r":{"k":0,"ix":6},"o":{"k":100,"ix":7},"sk":{"k":0,"ix":4},"sa":{"k":0,"ix":5},"nm":"Transform"}],"nm":"Polystar 1","np":3,"mn":"ADBE Vector Group"}],"ip":77,"op":312,"st":24,"bm":0,"sr":1},{"ddd":0,"ind":3,"ty":4,"nm":"Shape Layer 4","ks":{"o":{"k":100},"r":{"k":[{"i":{"x":[0.833],"y":[0.833]},"o":{"x":[0.167],"y":[0.167]},"n":["0p833_0p833_0p167_0p167"],"t":77,"s":[0],"e":[90]},{"t":89}]},"p":{"k":[{"i":{"x":0.833,"y":0.833},"o":{"x":0.167,"y":0.167},"n":"0p833_0p833_0p167_0p167","t":77,"s":[336,337,0],"e":[398,400,0],"to":[0,0,0],"ti":[0,0,0]},{"t":89}]},"a":{"k":[0,0,0]},"s":{"k":[{"i":{"x":[0.498,0.498,0.667],"y":[1,1,0.667]},"o":{"x":[0.167,0.167,0.333],"y":[0.488,0.488,0.333]},"n":["0p498_1_0p167_0p488","0p498_1_0p167_0p488","0p667_0p667_0p333_0p333"],"t":77,"s":[0,0,100],"e":[4,4,100]},{"i":{"x":[0.833,0.833,0.667],"y":[0.514,0.514,0.667]},"o":{"x":[0.507,0.507,0.333],"y":[0,0,0.333]},"n":["0p833_0p514_0p507_0","0p833_0p514_0p507_0","0p667_0p667_0p333_0p333"],"t":83,"s":[4,4,100],"e":[0,0,100]},{"t":89}]}},"ao":0,"shapes":[{"ty":"gr","it":[{"ty":"sr","sy":1,"d":1,"pt":{"k":5,"ix":3},"p":{"k":[0,0],"ix":4},"r":{"k":0,"ix":5},"ir":{"k":125,"ix":6},"is":{"k":0,"ix":8},"or":{"k":250,"ix":7},"os":{"k":0,"ix":9},"ix":1,"nm":"Polystar Path 1","mn":"ADBE Vector Shape - Star"},{"ty":"st","c":{"k":[1,0.87,0.93,1]},"o":{"k":100},"w":{"k":6},"lc":2,"lj":2,"nm":"Stroke 1","mn":"ADBE Vector Graphic - Stroke"},{"ty":"fl","c":{"k":[1,0.87,0.93,1]},"o":{"k":100},"nm":"Fill 1","mn":"ADBE Vector Graphic - Fill"},{"ty":"tr","p":{"k":[0,0],"ix":2},"a":{"k":[0,0],"ix":1},"s":{"k":[100,100],"ix":3},"r":{"k":0,"ix":6},"o":{"k":100,"ix":7},"sk":{"k":0,"ix":4},"sa":{"k":0,"ix":5},"nm":"Transform"}],"nm":"Polystar 1","np":3,"mn":"ADBE Vector Group"}],"ip":77,"op":312,"st":24,"bm":0,"sr":1}]},{"id":"comp_3","layers":[{"ddd":0,"ind":0,"ty":4,"nm":"Shape Layer 2","ks":{"o":{"k":100},"r":{"k":0},"p":{"k":[250,250,0]},"a":{"k":[0,0,0]},"s":{"k":[100,100,100]}},"ao":0,"shapes":[{"ty":"gr","it":[{"ind":0,"ty":"sh","ks":{"k":{"i":[[0,0],[-42.938,-19.879]],"o":[[0,0],[40.5,18.75]],"v":[[82,-93],[148.5,-109.75]],"c":false}},"nm":"Path 1","mn":"ADBE Vector Shape - Group"},{"ty":"st","c":{"k":[1,0.87,0.93,1]},"o":{"k":100},"w":{"k":[{"i":{"x":[0.667],"y":[1]},"o":{"x":[0.167],"y":[0.167]},"n":["0p667_1_0p167_0p167"],"t":77,"s":[0],"e":[6]},{"i":{"x":[0.833],"y":[0.833]},"o":{"x":[0.333],"y":[0]},"n":["0p833_0p833_0p333_0"],"t":80,"s":[6],"e":[0]},{"t":83}]},"lc":2,"lj":2,"nm":"Stroke 1","mn":"ADBE Vector Graphic - Stroke"},{"ty":"tr","p":{"k":[0,0],"ix":2},"a":{"k":[0,0],"ix":1},"s":{"k":[100,100],"ix":3},"r":{"k":0,"ix":6},"o":{"k":100,"ix":7},"sk":{"k":0,"ix":4},"sa":{"k":0,"ix":5},"nm":"Transform"}],"nm":"Shape 1","np":3,"mn":"ADBE Vector Group"},{"ty":"tm","s":{"k":[{"i":{"x":[0.833],"y":[0.833]},"o":{"x":[0.167],"y":[0.167]},"n":["0p833_0p833_0p167_0p167"],"t":77,"s":[0],"e":[55]},{"i":{"x":[0.833],"y":[0.833]},"o":{"x":[0.167],"y":[0.167]},"n":["0p833_0p833_0p167_0p167"],"t":80,"s":[55],"e":[100]},{"t":83}],"ix":1},"e":{"k":[{"i":{"x":[0.833],"y":[0.833]},"o":{"x":[0.167],"y":[0.167]},"n":["0p833_0p833_0p167_0p167"],"t":77,"s":[1],"e":[45]},{"i":{"x":[0.833],"y":[0.833]},"o":{"x":[0.167],"y":[0.167]},"n":["0p833_0p833_0p167_0p167"],"t":80,"s":[45],"e":[99]},{"t":83}],"ix":2},"o":{"k":0,"ix":3},"m":1,"ix":2,"nm":"Trim Paths 1","mn":"ADBE Vector Filter - Trim"}],"ip":77,"op":87,"st":24,"bm":0,"sr":1},{"ddd":0,"ind":1,"ty":4,"nm":"Shape Layer 6","ks":{"o":{"k":100},"r":{"k":[{"i":{"x":[0.833],"y":[0.833]},"o":{"x":[0.167],"y":[0.167]},"n":["0p833_0p833_0p167_0p167"],"t":77,"s":[0],"e":[90]},{"t":89}]},"p":{"k":[{"i":{"x":0.833,"y":0.833},"o":{"x":0.167,"y":0.167},"n":"0p833_0p833_0p167_0p167","t":77,"s":[179,349,0],"e":[86,445,0],"to":[0,0,0],"ti":[0,0,0]},{"t":89}]},"a":{"k":[0,0,0]},"s":{"k":[{"i":{"x":[0.498,0.498,0.667],"y":[1,1,0.667]},"o":{"x":[0.167,0.167,0.333],"y":[0.325,0.325,0.333]},"n":["0p498_1_0p167_0p325","0p498_1_0p167_0p325","0p667_0p667_0p333_0p333"],"t":77,"s":[0,0,100],"e":[6,6,100]},{"i":{"x":[0.833,0.833,0.667],"y":[0.676,0.676,0.667]},"o":{"x":[0.507,0.507,0.333],"y":[0,0,0.333]},"n":["0p833_0p676_0p507_0","0p833_0p676_0p507_0","0p667_0p667_0p333_0p333"],"t":83,"s":[6,6,100],"e":[0,0,100]},{"t":89}]}},"ao":0,"shapes":[{"ty":"gr","it":[{"ty":"sr","sy":1,"d":1,"pt":{"k":5,"ix":3},"p":{"k":[0,0],"ix":4},"r":{"k":0,"ix":5},"ir":{"k":125,"ix":6},"is":{"k":0,"ix":8},"or":{"k":250,"ix":7},"os":{"k":0,"ix":9},"ix":1,"nm":"Polystar Path 1","mn":"ADBE Vector Shape - Star"},{"ty":"st","c":{"k":[1,0.87,0.93,1]},"o":{"k":100},"w":{"k":6},"lc":2,"lj":2,"nm":"Stroke 1","mn":"ADBE Vector Graphic - Stroke"},{"ty":"fl","c":{"k":[1,0.87,0.93,1]},"o":{"k":100},"nm":"Fill 1","mn":"ADBE Vector Graphic - Fill"},{"ty":"tr","p":{"k":[0,0],"ix":2},"a":{"k":[0,0],"ix":1},"s":{"k":[100,100],"ix":3},"r":{"k":0,"ix":6},"o":{"k":100,"ix":7},"sk":{"k":0,"ix":4},"sa":{"k":0,"ix":5},"nm":"Transform"}],"nm":"Polystar 1","np":3,"mn":"ADBE Vector Group"}],"ip":77,"op":312,"st":24,"bm":0,"sr":1},{"ddd":0,"ind":2,"ty":4,"nm":"Shape Layer 5","ks":{"o":{"k":100},"r":{"k":[{"i":{"x":[0.833],"y":[0.833]},"o":{"x":[0.167],"y":[0.167]},"n":["0p833_0p833_0p167_0p167"],"t":77,"s":[0],"e":[90]},{"t":89}]},"p":{"k":[{"i":{"x":0.833,"y":0.833},"o":{"x":0.167,"y":0.167},"n":"0p833_0p833_0p167_0p167","t":77,"s":[236,130,0],"e":[211,39,0],"to":[0,0,0],"ti":[0,0,0]},{"t":89}]},"a":{"k":[0,0,0]},"s":{"k":[{"i":{"x":[0.498,0.498,0.667],"y":[1,1,0.667]},"o":{"x":[0.167,0.167,0.333],"y":[0.976,0.976,0.333]},"n":["0p498_1_0p167_0p976","0p498_1_0p167_0p976","0p667_0p667_0p333_0p333"],"t":77,"s":[0,0,100],"e":[2,2,100]},{"i":{"x":[0.833,0.833,0.667],"y":[0.029,0.029,0.667]},"o":{"x":[0.507,0.507,0.333],"y":[0,0,0.333]},"n":["0p833_0p029_0p507_0","0p833_0p029_0p507_0","0p667_0p667_0p333_0p333"],"t":83,"s":[2,2,100],"e":[0,0,100]},{"t":89}]}},"ao":0,"shapes":[{"ty":"gr","it":[{"ty":"sr","sy":1,"d":1,"pt":{"k":5,"ix":3},"p":{"k":[0,0],"ix":4},"r":{"k":0,"ix":5},"ir":{"k":125,"ix":6},"is":{"k":0,"ix":8},"or":{"k":250,"ix":7},"os":{"k":0,"ix":9},"ix":1,"nm":"Polystar Path 1","mn":"ADBE Vector Shape - Star"},{"ty":"st","c":{"k":[1,0.87,0.93,1]},"o":{"k":100},"w":{"k":6},"lc":2,"lj":2,"nm":"Stroke 1","mn":"ADBE Vector Graphic - Stroke"},{"ty":"fl","c":{"k":[1,0.87,0.93,1]},"o":{"k":100},"nm":"Fill 1","mn":"ADBE Vector Graphic - Fill"},{"ty":"tr","p":{"k":[0,0],"ix":2},"a":{"k":[0,0],"ix":1},"s":{"k":[100,100],"ix":3},"r":{"k":0,"ix":6},"o":{"k":100,"ix":7},"sk":{"k":0,"ix":4},"sa":{"k":0,"ix":5},"nm":"Transform"}],"nm":"Polystar 1","np":3,"mn":"ADBE Vector Group"}],"ip":77,"op":312,"st":24,"bm":0,"sr":1},{"ddd":0,"ind":3,"ty":4,"nm":"Shape Layer 4","ks":{"o":{"k":100},"r":{"k":[{"i":{"x":[0.833],"y":[0.833]},"o":{"x":[0.167],"y":[0.167]},"n":["0p833_0p833_0p167_0p167"],"t":77,"s":[0],"e":[90]},{"t":89}]},"p":{"k":[{"i":{"x":0.833,"y":0.833},"o":{"x":0.167,"y":0.167},"n":"0p833_0p833_0p167_0p167","t":77,"s":[336,337,0],"e":[398,400,0],"to":[0,0,0],"ti":[0,0,0]},{"t":89}]},"a":{"k":[0,0,0]},"s":{"k":[{"i":{"x":[0.498,0.498,0.667],"y":[1,1,0.667]},"o":{"x":[0.167,0.167,0.333],"y":[0.488,0.488,0.333]},"n":["0p498_1_0p167_0p488","0p498_1_0p167_0p488","0p667_0p667_0p333_0p333"],"t":77,"s":[0,0,100],"e":[4,4,100]},{"i":{"x":[0.833,0.833,0.667],"y":[0.514,0.514,0.667]},"o":{"x":[0.507,0.507,0.333],"y":[0,0,0.333]},"n":["0p833_0p514_0p507_0","0p833_0p514_0p507_0","0p667_0p667_0p333_0p333"],"t":83,"s":[4,4,100],"e":[0,0,100]},{"t":89}]}},"ao":0,"shapes":[{"ty":"gr","it":[{"ty":"sr","sy":1,"d":1,"pt":{"k":5,"ix":3},"p":{"k":[0,0],"ix":4},"r":{"k":0,"ix":5},"ir":{"k":125,"ix":6},"is":{"k":0,"ix":8},"or":{"k":250,"ix":7},"os":{"k":0,"ix":9},"ix":1,"nm":"Polystar Path 1","mn":"ADBE Vector Shape - Star"},{"ty":"st","c":{"k":[1,0.87,0.93,1]},"o":{"k":100},"w":{"k":6},"lc":2,"lj":2,"nm":"Stroke 1","mn":"ADBE Vector Graphic - Stroke"},{"ty":"fl","c":{"k":[1,0.87,0.93,1]},"o":{"k":100},"nm":"Fill 1","mn":"ADBE Vector Graphic - Fill"},{"ty":"tr","p":{"k":[0,0],"ix":2},"a":{"k":[0,0],"ix":1},"s":{"k":[100,100],"ix":3},"r":{"k":0,"ix":6},"o":{"k":100,"ix":7},"sk":{"k":0,"ix":4},"sa":{"k":0,"ix":5},"nm":"Transform"}],"nm":"Polystar 1","np":3,"mn":"ADBE Vector Group"}],"ip":77,"op":312,"st":24,"bm":0,"sr":1}]},{"id":"comp_4","layers":[{"ddd":0,"ind":0,"ty":4,"nm":"Shape Layer 2","ks":{"o":{"k":100},"r":{"k":0},"p":{"k":[250,250,0]},"a":{"k":[0,0,0]},"s":{"k":[100,100,100]}},"ao":0,"shapes":[{"ty":"gr","it":[{"ind":0,"ty":"sh","ks":{"k":{"i":[[0,0],[-42.938,-19.879]],"o":[[0,0],[40.5,18.75]],"v":[[82,-93],[148.5,-109.75]],"c":false}},"nm":"Path 1","mn":"ADBE Vector Shape - Group"},{"ty":"st","c":{"k":[1,0.87,0.93,1]},"o":{"k":100},"w":{"k":[{"i":{"x":[0.667],"y":[1]},"o":{"x":[0.167],"y":[0.167]},"n":["0p667_1_0p167_0p167"],"t":77,"s":[0],"e":[6]},{"i":{"x":[0.833],"y":[0.833]},"o":{"x":[0.333],"y":[0]},"n":["0p833_0p833_0p333_0"],"t":80,"s":[6],"e":[0]},{"t":83}]},"lc":2,"lj":2,"nm":"Stroke 1","mn":"ADBE Vector Graphic - Stroke"},{"ty":"tr","p":{"k":[0,0],"ix":2},"a":{"k":[0,0],"ix":1},"s":{"k":[100,100],"ix":3},"r":{"k":0,"ix":6},"o":{"k":100,"ix":7},"sk":{"k":0,"ix":4},"sa":{"k":0,"ix":5},"nm":"Transform"}],"nm":"Shape 1","np":3,"mn":"ADBE Vector Group"},{"ty":"tm","s":{"k":[{"i":{"x":[0.833],"y":[0.833]},"o":{"x":[0.167],"y":[0.167]},"n":["0p833_0p833_0p167_0p167"],"t":77,"s":[0],"e":[55]},{"i":{"x":[0.833],"y":[0.833]},"o":{"x":[0.167],"y":[0.167]},"n":["0p833_0p833_0p167_0p167"],"t":80,"s":[55],"e":[100]},{"t":83}],"ix":1},"e":{"k":[{"i":{"x":[0.833],"y":[0.833]},"o":{"x":[0.167],"y":[0.167]},"n":["0p833_0p833_0p167_0p167"],"t":77,"s":[1],"e":[45]},{"i":{"x":[0.833],"y":[0.833]},"o":{"x":[0.167],"y":[0.167]},"n":["0p833_0p833_0p167_0p167"],"t":80,"s":[45],"e":[99]},{"t":83}],"ix":2},"o":{"k":0,"ix":3},"m":1,"ix":2,"nm":"Trim Paths 1","mn":"ADBE Vector Filter - Trim"}],"ip":77,"op":87,"st":24,"bm":0,"sr":1},{"ddd":0,"ind":1,"ty":4,"nm":"Shape Layer 6","ks":{"o":{"k":100},"r":{"k":[{"i":{"x":[0.833],"y":[0.833]},"o":{"x":[0.167],"y":[0.167]},"n":["0p833_0p833_0p167_0p167"],"t":77,"s":[0],"e":[90]},{"t":89}]},"p":{"k":[{"i":{"x":0.833,"y":0.833},"o":{"x":0.167,"y":0.167},"n":"0p833_0p833_0p167_0p167","t":77,"s":[179,349,0],"e":[86,445,0],"to":[0,0,0],"ti":[0,0,0]},{"t":89}]},"a":{"k":[0,0,0]},"s":{"k":[{"i":{"x":[0.498,0.498,0.667],"y":[1,1,0.667]},"o":{"x":[0.167,0.167,0.333],"y":[0.325,0.325,0.333]},"n":["0p498_1_0p167_0p325","0p498_1_0p167_0p325","0p667_0p667_0p333_0p333"],"t":77,"s":[0,0,100],"e":[6,6,100]},{"i":{"x":[0.833,0.833,0.667],"y":[0.676,0.676,0.667]},"o":{"x":[0.507,0.507,0.333],"y":[0,0,0.333]},"n":["0p833_0p676_0p507_0","0p833_0p676_0p507_0","0p667_0p667_0p333_0p333"],"t":83,"s":[6,6,100],"e":[0,0,100]},{"t":89}]}},"ao":0,"shapes":[{"ty":"gr","it":[{"ty":"sr","sy":1,"d":1,"pt":{"k":5,"ix":3},"p":{"k":[0,0],"ix":4},"r":{"k":0,"ix":5},"ir":{"k":125,"ix":6},"is":{"k":0,"ix":8},"or":{"k":250,"ix":7},"os":{"k":0,"ix":9},"ix":1,"nm":"Polystar Path 1","mn":"ADBE Vector Shape - Star"},{"ty":"st","c":{"k":[1,0.87,0.93,1]},"o":{"k":100},"w":{"k":6},"lc":2,"lj":2,"nm":"Stroke 1","mn":"ADBE Vector Graphic - Stroke"},{"ty":"fl","c":{"k":[1,0.87,0.93,1]},"o":{"k":100},"nm":"Fill 1","mn":"ADBE Vector Graphic - Fill"},{"ty":"tr","p":{"k":[0,0],"ix":2},"a":{"k":[0,0],"ix":1},"s":{"k":[100,100],"ix":3},"r":{"k":0,"ix":6},"o":{"k":100,"ix":7},"sk":{"k":0,"ix":4},"sa":{"k":0,"ix":5},"nm":"Transform"}],"nm":"Polystar 1","np":3,"mn":"ADBE Vector Group"}],"ip":77,"op":312,"st":24,"bm":0,"sr":1},{"ddd":0,"ind":2,"ty":4,"nm":"Shape Layer 5","ks":{"o":{"k":100},"r":{"k":[{"i":{"x":[0.833],"y":[0.833]},"o":{"x":[0.167],"y":[0.167]},"n":["0p833_0p833_0p167_0p167"],"t":77,"s":[0],"e":[90]},{"t":89}]},"p":{"k":[{"i":{"x":0.833,"y":0.833},"o":{"x":0.167,"y":0.167},"n":"0p833_0p833_0p167_0p167","t":77,"s":[236,130,0],"e":[211,39,0],"to":[0,0,0],"ti":[0,0,0]},{"t":89}]},"a":{"k":[0,0,0]},"s":{"k":[{"i":{"x":[0.498,0.498,0.667],"y":[1,1,0.667]},"o":{"x":[0.167,0.167,0.333],"y":[0.976,0.976,0.333]},"n":["0p498_1_0p167_0p976","0p498_1_0p167_0p976","0p667_0p667_0p333_0p333"],"t":77,"s":[0,0,100],"e":[2,2,100]},{"i":{"x":[0.833,0.833,0.667],"y":[0.029,0.029,0.667]},"o":{"x":[0.507,0.507,0.333],"y":[0,0,0.333]},"n":["0p833_0p029_0p507_0","0p833_0p029_0p507_0","0p667_0p667_0p333_0p333"],"t":83,"s":[2,2,100],"e":[0,0,100]},{"t":89}]}},"ao":0,"shapes":[{"ty":"gr","it":[{"ty":"sr","sy":1,"d":1,"pt":{"k":5,"ix":3},"p":{"k":[0,0],"ix":4},"r":{"k":0,"ix":5},"ir":{"k":125,"ix":6},"is":{"k":0,"ix":8},"or":{"k":250,"ix":7},"os":{"k":0,"ix":9},"ix":1,"nm":"Polystar Path 1","mn":"ADBE Vector Shape - Star"},{"ty":"st","c":{"k":[1,0.87,0.93,1]},"o":{"k":100},"w":{"k":6},"lc":2,"lj":2,"nm":"Stroke 1","mn":"ADBE Vector Graphic - Stroke"},{"ty":"fl","c":{"k":[1,0.87,0.93,1]},"o":{"k":100},"nm":"Fill 1","mn":"ADBE Vector Graphic - Fill"},{"ty":"tr","p":{"k":[0,0],"ix":2},"a":{"k":[0,0],"ix":1},"s":{"k":[100,100],"ix":3},"r":{"k":0,"ix":6},"o":{"k":100,"ix":7},"sk":{"k":0,"ix":4},"sa":{"k":0,"ix":5},"nm":"Transform"}],"nm":"Polystar 1","np":3,"mn":"ADBE Vector Group"}],"ip":77,"op":312,"st":24,"bm":0,"sr":1},{"ddd":0,"ind":3,"ty":4,"nm":"Shape Layer 4","ks":{"o":{"k":100},"r":{"k":[{"i":{"x":[0.833],"y":[0.833]},"o":{"x":[0.167],"y":[0.167]},"n":["0p833_0p833_0p167_0p167"],"t":77,"s":[0],"e":[90]},{"t":89}]},"p":{"k":[{"i":{"x":0.833,"y":0.833},"o":{"x":0.167,"y":0.167},"n":"0p833_0p833_0p167_0p167","t":77,"s":[336,337,0],"e":[398,400,0],"to":[0,0,0],"ti":[0,0,0]},{"t":89}]},"a":{"k":[0,0,0]},"s":{"k":[{"i":{"x":[0.498,0.498,0.667],"y":[1,1,0.667]},"o":{"x":[0.167,0.167,0.333],"y":[0.488,0.488,0.333]},"n":["0p498_1_0p167_0p488","0p498_1_0p167_0p488","0p667_0p667_0p333_0p333"],"t":77,"s":[0,0,100],"e":[4,4,100]},{"i":{"x":[0.833,0.833,0.667],"y":[0.514,0.514,0.667]},"o":{"x":[0.507,0.507,0.333],"y":[0,0,0.333]},"n":["0p833_0p514_0p507_0","0p833_0p514_0p507_0","0p667_0p667_0p333_0p333"],"t":83,"s":[4,4,100],"e":[0,0,100]},{"t":89}]}},"ao":0,"shapes":[{"ty":"gr","it":[{"ty":"sr","sy":1,"d":1,"pt":{"k":5,"ix":3},"p":{"k":[0,0],"ix":4},"r":{"k":0,"ix":5},"ir":{"k":125,"ix":6},"is":{"k":0,"ix":8},"or":{"k":250,"ix":7},"os":{"k":0,"ix":9},"ix":1,"nm":"Polystar Path 1","mn":"ADBE Vector Shape - Star"},{"ty":"st","c":{"k":[1,0.87,0.93,1]},"o":{"k":100},"w":{"k":6},"lc":2,"lj":2,"nm":"Stroke 1","mn":"ADBE Vector Graphic - Stroke"},{"ty":"fl","c":{"k":[1,0.87,0.93,1]},"o":{"k":100},"nm":"Fill 1","mn":"ADBE Vector Graphic - Fill"},{"ty":"tr","p":{"k":[0,0],"ix":2},"a":{"k":[0,0],"ix":1},"s":{"k":[100,100],"ix":3},"r":{"k":0,"ix":6},"o":{"k":100,"ix":7},"sk":{"k":0,"ix":4},"sa":{"k":0,"ix":5},"nm":"Transform"}],"nm":"Polystar 1","np":3,"mn":"ADBE Vector Group"}],"ip":77,"op":312,"st":24,"bm":0,"sr":1}]},{"id":"comp_5","layers":[{"ddd":0,"ind":0,"ty":4,"nm":"Shape Layer 2","ks":{"o":{"k":100},"r":{"k":0},"p":{"k":[250,250,0]},"a":{"k":[0,0,0]},"s":{"k":[100,100,100]}},"ao":0,"shapes":[{"ty":"gr","it":[{"ind":0,"ty":"sh","ks":{"k":{"i":[[0,0],[-42.938,-19.879]],"o":[[0,0],[40.5,18.75]],"v":[[82,-93],[148.5,-109.75]],"c":false}},"nm":"Path 1","mn":"ADBE Vector Shape - Group"},{"ty":"st","c":{"k":[0.89,0.89,0.89,1]},"o":{"k":100},"w":{"k":[{"i":{"x":[0.667],"y":[1]},"o":{"x":[0.167],"y":[0.167]},"n":["0p667_1_0p167_0p167"],"t":77,"s":[0],"e":[6]},{"i":{"x":[0.833],"y":[0.833]},"o":{"x":[0.333],"y":[0]},"n":["0p833_0p833_0p333_0"],"t":80,"s":[6],"e":[0]},{"t":83}]},"lc":2,"lj":2,"nm":"Stroke 1","mn":"ADBE Vector Graphic - Stroke"},{"ty":"tr","p":{"k":[0,0],"ix":2},"a":{"k":[0,0],"ix":1},"s":{"k":[100,100],"ix":3},"r":{"k":0,"ix":6},"o":{"k":100,"ix":7},"sk":{"k":0,"ix":4},"sa":{"k":0,"ix":5},"nm":"Transform"}],"nm":"Shape 1","np":3,"mn":"ADBE Vector Group"},{"ty":"tm","s":{"k":[{"i":{"x":[0.833],"y":[0.833]},"o":{"x":[0.167],"y":[0.167]},"n":["0p833_0p833_0p167_0p167"],"t":77,"s":[0],"e":[55]},{"i":{"x":[0.833],"y":[0.833]},"o":{"x":[0.167],"y":[0.167]},"n":["0p833_0p833_0p167_0p167"],"t":80,"s":[55],"e":[100]},{"t":83}],"ix":1},"e":{"k":[{"i":{"x":[0.833],"y":[0.833]},"o":{"x":[0.167],"y":[0.167]},"n":["0p833_0p833_0p167_0p167"],"t":77,"s":[1],"e":[45]},{"i":{"x":[0.833],"y":[0.833]},"o":{"x":[0.167],"y":[0.167]},"n":["0p833_0p833_0p167_0p167"],"t":80,"s":[45],"e":[99]},{"t":83}],"ix":2},"o":{"k":0,"ix":3},"m":1,"ix":2,"nm":"Trim Paths 1","mn":"ADBE Vector Filter - Trim"}],"ip":77,"op":87,"st":24,"bm":0,"sr":1},{"ddd":0,"ind":1,"ty":4,"nm":"Shape Layer 6","ks":{"o":{"k":100},"r":{"k":[{"i":{"x":[0.833],"y":[0.833]},"o":{"x":[0.167],"y":[0.167]},"n":["0p833_0p833_0p167_0p167"],"t":77,"s":[0],"e":[90]},{"t":89}]},"p":{"k":[{"i":{"x":0.833,"y":0.833},"o":{"x":0.167,"y":0.167},"n":"0p833_0p833_0p167_0p167","t":77,"s":[179,349,0],"e":[86,445,0],"to":[0,0,0],"ti":[0,0,0]},{"t":89}]},"a":{"k":[0,0,0]},"s":{"k":[{"i":{"x":[0.498,0.498,0.667],"y":[1,1,0.667]},"o":{"x":[0.167,0.167,0.333],"y":[0.325,0.325,0.333]},"n":["0p498_1_0p167_0p325","0p498_1_0p167_0p325","0p667_0p667_0p333_0p333"],"t":77,"s":[0,0,100],"e":[6,6,100]},{"i":{"x":[0.833,0.833,0.667],"y":[0.676,0.676,0.667]},"o":{"x":[0.507,0.507,0.333],"y":[0,0,0.333]},"n":["0p833_0p676_0p507_0","0p833_0p676_0p507_0","0p667_0p667_0p333_0p333"],"t":83,"s":[6,6,100],"e":[0,0,100]},{"t":89}]}},"ao":0,"shapes":[{"ty":"gr","it":[{"ty":"sr","sy":1,"d":1,"pt":{"k":5,"ix":3},"p":{"k":[0,0],"ix":4},"r":{"k":0,"ix":5},"ir":{"k":125,"ix":6},"is":{"k":0,"ix":8},"or":{"k":250,"ix":7},"os":{"k":0,"ix":9},"ix":1,"nm":"Polystar Path 1","mn":"ADBE Vector Shape - Star"},{"ty":"st","c":{"k":[0.89,0.89,0.89,1]},"o":{"k":100},"w":{"k":6},"lc":2,"lj":2,"nm":"Stroke 1","mn":"ADBE Vector Graphic - Stroke"},{"ty":"fl","c":{"k":[0.89,0.89,0.89,1]},"o":{"k":100},"nm":"Fill 1","mn":"ADBE Vector Graphic - Fill"},{"ty":"tr","p":{"k":[0,0],"ix":2},"a":{"k":[0,0],"ix":1},"s":{"k":[100,100],"ix":3},"r":{"k":0,"ix":6},"o":{"k":100,"ix":7},"sk":{"k":0,"ix":4},"sa":{"k":0,"ix":5},"nm":"Transform"}],"nm":"Polystar 1","np":3,"mn":"ADBE Vector Group"}],"ip":77,"op":312,"st":24,"bm":0,"sr":1},{"ddd":0,"ind":2,"ty":4,"nm":"Shape Layer 5","ks":{"o":{"k":100},"r":{"k":[{"i":{"x":[0.833],"y":[0.833]},"o":{"x":[0.167],"y":[0.167]},"n":["0p833_0p833_0p167_0p167"],"t":77,"s":[0],"e":[90]},{"t":89}]},"p":{"k":[{"i":{"x":0.833,"y":0.833},"o":{"x":0.167,"y":0.167},"n":"0p833_0p833_0p167_0p167","t":77,"s":[236,130,0],"e":[211,39,0],"to":[0,0,0],"ti":[0,0,0]},{"t":89}]},"a":{"k":[0,0,0]},"s":{"k":[{"i":{"x":[0.498,0.498,0.667],"y":[1,1,0.667]},"o":{"x":[0.167,0.167,0.333],"y":[0.976,0.976,0.333]},"n":["0p498_1_0p167_0p976","0p498_1_0p167_0p976","0p667_0p667_0p333_0p333"],"t":77,"s":[0,0,100],"e":[2,2,100]},{"i":{"x":[0.833,0.833,0.667],"y":[0.029,0.029,0.667]},"o":{"x":[0.507,0.507,0.333],"y":[0,0,0.333]},"n":["0p833_0p029_0p507_0","0p833_0p029_0p507_0","0p667_0p667_0p333_0p333"],"t":83,"s":[2,2,100],"e":[0,0,100]},{"t":89}]}},"ao":0,"shapes":[{"ty":"gr","it":[{"ty":"sr","sy":1,"d":1,"pt":{"k":5,"ix":3},"p":{"k":[0,0],"ix":4},"r":{"k":0,"ix":5},"ir":{"k":125,"ix":6},"is":{"k":0,"ix":8},"or":{"k":250,"ix":7},"os":{"k":0,"ix":9},"ix":1,"nm":"Polystar Path 1","mn":"ADBE Vector Shape - Star"},{"ty":"st","c":{"k":[0.89,0.89,0.89,1]},"o":{"k":100},"w":{"k":6},"lc":2,"lj":2,"nm":"Stroke 1","mn":"ADBE Vector Graphic - Stroke"},{"ty":"fl","c":{"k":[0.89,0.89,0.89,1]},"o":{"k":100},"nm":"Fill 1","mn":"ADBE Vector Graphic - Fill"},{"ty":"tr","p":{"k":[0,0],"ix":2},"a":{"k":[0,0],"ix":1},"s":{"k":[100,100],"ix":3},"r":{"k":0,"ix":6},"o":{"k":100,"ix":7},"sk":{"k":0,"ix":4},"sa":{"k":0,"ix":5},"nm":"Transform"}],"nm":"Polystar 1","np":3,"mn":"ADBE Vector Group"}],"ip":77,"op":312,"st":24,"bm":0,"sr":1},{"ddd":0,"ind":3,"ty":4,"nm":"Shape Layer 4","ks":{"o":{"k":100},"r":{"k":[{"i":{"x":[0.833],"y":[0.833]},"o":{"x":[0.167],"y":[0.167]},"n":["0p833_0p833_0p167_0p167"],"t":77,"s":[0],"e":[90]},{"t":89}]},"p":{"k":[{"i":{"x":0.833,"y":0.833},"o":{"x":0.167,"y":0.167},"n":"0p833_0p833_0p167_0p167","t":77,"s":[336,337,0],"e":[398,400,0],"to":[0,0,0],"ti":[0,0,0]},{"t":89}]},"a":{"k":[0,0,0]},"s":{"k":[{"i":{"x":[0.498,0.498,0.667],"y":[1,1,0.667]},"o":{"x":[0.167,0.167,0.333],"y":[0.488,0.488,0.333]},"n":["0p498_1_0p167_0p488","0p498_1_0p167_0p488","0p667_0p667_0p333_0p333"],"t":77,"s":[0,0,100],"e":[4,4,100]},{"i":{"x":[0.833,0.833,0.667],"y":[0.514,0.514,0.667]},"o":{"x":[0.507,0.507,0.333],"y":[0,0,0.333]},"n":["0p833_0p514_0p507_0","0p833_0p514_0p507_0","0p667_0p667_0p333_0p333"],"t":83,"s":[4,4,100],"e":[0,0,100]},{"t":89}]}},"ao":0,"shapes":[{"ty":"gr","it":[{"ty":"sr","sy":1,"d":1,"pt":{"k":5,"ix":3},"p":{"k":[0,0],"ix":4},"r":{"k":0,"ix":5},"ir":{"k":125,"ix":6},"is":{"k":0,"ix":8},"or":{"k":250,"ix":7},"os":{"k":0,"ix":9},"ix":1,"nm":"Polystar Path 1","mn":"ADBE Vector Shape - Star"},{"ty":"st","c":{"k":[0.89,0.89,0.89,1]},"o":{"k":100},"w":{"k":6},"lc":2,"lj":2,"nm":"Stroke 1","mn":"ADBE Vector Graphic - Stroke"},{"ty":"fl","c":{"k":[0.89,0.89,0.89,1]},"o":{"k":100},"nm":"Fill 1","mn":"ADBE Vector Graphic - Fill"},{"ty":"tr","p":{"k":[0,0],"ix":2},"a":{"k":[0,0],"ix":1},"s":{"k":[100,100],"ix":3},"r":{"k":0,"ix":6},"o":{"k":100,"ix":7},"sk":{"k":0,"ix":4},"sa":{"k":0,"ix":5},"nm":"Transform"}],"nm":"Polystar 1","np":3,"mn":"ADBE Vector Group"}],"ip":77,"op":312,"st":24,"bm":0,"sr":1}]},{"id":"comp_6","layers":[{"ddd":0,"ind":0,"ty":4,"nm":"Shape Layer 2","ks":{"o":{"k":100},"r":{"k":0},"p":{"k":[250,250,0]},"a":{"k":[0,0,0]},"s":{"k":[100,100,100]}},"ao":0,"shapes":[{"ty":"gr","it":[{"ind":0,"ty":"sh","ks":{"k":{"i":[[0,0],[-42.938,-19.879]],"o":[[0,0],[40.5,18.75]],"v":[[82,-93],[148.5,-109.75]],"c":false}},"nm":"Path 1","mn":"ADBE Vector Shape - Group"},{"ty":"st","c":{"k":[1,0.87,0.93,1]},"o":{"k":100},"w":{"k":[{"i":{"x":[0.667],"y":[1]},"o":{"x":[0.167],"y":[0.167]},"n":["0p667_1_0p167_0p167"],"t":77,"s":[0],"e":[6]},{"i":{"x":[0.833],"y":[0.833]},"o":{"x":[0.333],"y":[0]},"n":["0p833_0p833_0p333_0"],"t":80,"s":[6],"e":[0]},{"t":83}]},"lc":2,"lj":2,"nm":"Stroke 1","mn":"ADBE Vector Graphic - Stroke"},{"ty":"tr","p":{"k":[0,0],"ix":2},"a":{"k":[0,0],"ix":1},"s":{"k":[100,100],"ix":3},"r":{"k":0,"ix":6},"o":{"k":100,"ix":7},"sk":{"k":0,"ix":4},"sa":{"k":0,"ix":5},"nm":"Transform"}],"nm":"Shape 1","np":3,"mn":"ADBE Vector Group"},{"ty":"tm","s":{"k":[{"i":{"x":[0.833],"y":[0.833]},"o":{"x":[0.167],"y":[0.167]},"n":["0p833_0p833_0p167_0p167"],"t":77,"s":[0],"e":[55]},{"i":{"x":[0.833],"y":[0.833]},"o":{"x":[0.167],"y":[0.167]},"n":["0p833_0p833_0p167_0p167"],"t":80,"s":[55],"e":[100]},{"t":83}],"ix":1},"e":{"k":[{"i":{"x":[0.833],"y":[0.833]},"o":{"x":[0.167],"y":[0.167]},"n":["0p833_0p833_0p167_0p167"],"t":77,"s":[1],"e":[45]},{"i":{"x":[0.833],"y":[0.833]},"o":{"x":[0.167],"y":[0.167]},"n":["0p833_0p833_0p167_0p167"],"t":80,"s":[45],"e":[99]},{"t":83}],"ix":2},"o":{"k":0,"ix":3},"m":1,"ix":2,"nm":"Trim Paths 1","mn":"ADBE Vector Filter - Trim"}],"ip":77,"op":87,"st":24,"bm":0,"sr":1},{"ddd":0,"ind":1,"ty":4,"nm":"Shape Layer 6","ks":{"o":{"k":100},"r":{"k":[{"i":{"x":[0.833],"y":[0.833]},"o":{"x":[0.167],"y":[0.167]},"n":["0p833_0p833_0p167_0p167"],"t":77,"s":[0],"e":[90]},{"t":89}]},"p":{"k":[{"i":{"x":0.833,"y":0.833},"o":{"x":0.167,"y":0.167},"n":"0p833_0p833_0p167_0p167","t":77,"s":[179,349,0],"e":[86,445,0],"to":[0,0,0],"ti":[0,0,0]},{"t":89}]},"a":{"k":[0,0,0]},"s":{"k":[{"i":{"x":[0.498,0.498,0.667],"y":[1,1,0.667]},"o":{"x":[0.167,0.167,0.333],"y":[0.325,0.325,0.333]},"n":["0p498_1_0p167_0p325","0p498_1_0p167_0p325","0p667_0p667_0p333_0p333"],"t":77,"s":[0,0,100],"e":[6,6,100]},{"i":{"x":[0.833,0.833,0.667],"y":[0.676,0.676,0.667]},"o":{"x":[0.507,0.507,0.333],"y":[0,0,0.333]},"n":["0p833_0p676_0p507_0","0p833_0p676_0p507_0","0p667_0p667_0p333_0p333"],"t":83,"s":[6,6,100],"e":[0,0,100]},{"t":89}]}},"ao":0,"shapes":[{"ty":"gr","it":[{"ty":"sr","sy":1,"d":1,"pt":{"k":5,"ix":3},"p":{"k":[0,0],"ix":4},"r":{"k":0,"ix":5},"ir":{"k":125,"ix":6},"is":{"k":0,"ix":8},"or":{"k":250,"ix":7},"os":{"k":0,"ix":9},"ix":1,"nm":"Polystar Path 1","mn":"ADBE Vector Shape - Star"},{"ty":"st","c":{"k":[1,0.87,0.93,1]},"o":{"k":100},"w":{"k":6},"lc":2,"lj":2,"nm":"Stroke 1","mn":"ADBE Vector Graphic - Stroke"},{"ty":"fl","c":{"k":[1,0.87,0.93,1]},"o":{"k":100},"nm":"Fill 1","mn":"ADBE Vector Graphic - Fill"},{"ty":"tr","p":{"k":[0,0],"ix":2},"a":{"k":[0,0],"ix":1},"s":{"k":[100,100],"ix":3},"r":{"k":0,"ix":6},"o":{"k":100,"ix":7},"sk":{"k":0,"ix":4},"sa":{"k":0,"ix":5},"nm":"Transform"}],"nm":"Polystar 1","np":3,"mn":"ADBE Vector Group"}],"ip":77,"op":312,"st":24,"bm":0,"sr":1},{"ddd":0,"ind":2,"ty":4,"nm":"Shape Layer 5","ks":{"o":{"k":100},"r":{"k":[{"i":{"x":[0.833],"y":[0.833]},"o":{"x":[0.167],"y":[0.167]},"n":["0p833_0p833_0p167_0p167"],"t":77,"s":[0],"e":[90]},{"t":89}]},"p":{"k":[{"i":{"x":0.833,"y":0.833},"o":{"x":0.167,"y":0.167},"n":"0p833_0p833_0p167_0p167","t":77,"s":[236,130,0],"e":[211,39,0],"to":[0,0,0],"ti":[0,0,0]},{"t":89}]},"a":{"k":[0,0,0]},"s":{"k":[{"i":{"x":[0.498,0.498,0.667],"y":[1,1,0.667]},"o":{"x":[0.167,0.167,0.333],"y":[0.976,0.976,0.333]},"n":["0p498_1_0p167_0p976","0p498_1_0p167_0p976","0p667_0p667_0p333_0p333"],"t":77,"s":[0,0,100],"e":[2,2,100]},{"i":{"x":[0.833,0.833,0.667],"y":[0.029,0.029,0.667]},"o":{"x":[0.507,0.507,0.333],"y":[0,0,0.333]},"n":["0p833_0p029_0p507_0","0p833_0p029_0p507_0","0p667_0p667_0p333_0p333"],"t":83,"s":[2,2,100],"e":[0,0,100]},{"t":89}]}},"ao":0,"shapes":[{"ty":"gr","it":[{"ty":"sr","sy":1,"d":1,"pt":{"k":5,"ix":3},"p":{"k":[0,0],"ix":4},"r":{"k":0,"ix":5},"ir":{"k":125,"ix":6},"is":{"k":0,"ix":8},"or":{"k":250,"ix":7},"os":{"k":0,"ix":9},"ix":1,"nm":"Polystar Path 1","mn":"ADBE Vector Shape - Star"},{"ty":"st","c":{"k":[1,0.87,0.93,1]},"o":{"k":100},"w":{"k":6},"lc":2,"lj":2,"nm":"Stroke 1","mn":"ADBE Vector Graphic - Stroke"},{"ty":"fl","c":{"k":[1,0.87,0.93,1]},"o":{"k":100},"nm":"Fill 1","mn":"ADBE Vector Graphic - Fill"},{"ty":"tr","p":{"k":[0,0],"ix":2},"a":{"k":[0,0],"ix":1},"s":{"k":[100,100],"ix":3},"r":{"k":0,"ix":6},"o":{"k":100,"ix":7},"sk":{"k":0,"ix":4},"sa":{"k":0,"ix":5},"nm":"Transform"}],"nm":"Polystar 1","np":3,"mn":"ADBE Vector Group"}],"ip":77,"op":312,"st":24,"bm":0,"sr":1},{"ddd":0,"ind":3,"ty":4,"nm":"Shape Layer 4","ks":{"o":{"k":100},"r":{"k":[{"i":{"x":[0.833],"y":[0.833]},"o":{"x":[0.167],"y":[0.167]},"n":["0p833_0p833_0p167_0p167"],"t":77,"s":[0],"e":[90]},{"t":89}]},"p":{"k":[{"i":{"x":0.833,"y":0.833},"o":{"x":0.167,"y":0.167},"n":"0p833_0p833_0p167_0p167","t":77,"s":[336,337,0],"e":[398,400,0],"to":[0,0,0],"ti":[0,0,0]},{"t":89}]},"a":{"k":[0,0,0]},"s":{"k":[{"i":{"x":[0.498,0.498,0.667],"y":[1,1,0.667]},"o":{"x":[0.167,0.167,0.333],"y":[0.488,0.488,0.333]},"n":["0p498_1_0p167_0p488","0p498_1_0p167_0p488","0p667_0p667_0p333_0p333"],"t":77,"s":[0,0,100],"e":[4,4,100]},{"i":{"x":[0.833,0.833,0.667],"y":[0.514,0.514,0.667]},"o":{"x":[0.507,0.507,0.333],"y":[0,0,0.333]},"n":["0p833_0p514_0p507_0","0p833_0p514_0p507_0","0p667_0p667_0p333_0p333"],"t":83,"s":[4,4,100],"e":[0,0,100]},{"t":89}]}},"ao":0,"shapes":[{"ty":"gr","it":[{"ty":"sr","sy":1,"d":1,"pt":{"k":5,"ix":3},"p":{"k":[0,0],"ix":4},"r":{"k":0,"ix":5},"ir":{"k":125,"ix":6},"is":{"k":0,"ix":8},"or":{"k":250,"ix":7},"os":{"k":0,"ix":9},"ix":1,"nm":"Polystar Path 1","mn":"ADBE Vector Shape - Star"},{"ty":"st","c":{"k":[1,0.87,0.93,1]},"o":{"k":100},"w":{"k":6},"lc":2,"lj":2,"nm":"Stroke 1","mn":"ADBE Vector Graphic - Stroke"},{"ty":"fl","c":{"k":[1,0.87,0.93,1]},"o":{"k":100},"nm":"Fill 1","mn":"ADBE Vector Graphic - Fill"},{"ty":"tr","p":{"k":[0,0],"ix":2},"a":{"k":[0,0],"ix":1},"s":{"k":[100,100],"ix":3},"r":{"k":0,"ix":6},"o":{"k":100,"ix":7},"sk":{"k":0,"ix":4},"sa":{"k":0,"ix":5},"nm":"Transform"}],"nm":"Polystar 1","np":3,"mn":"ADBE Vector Group"}],"ip":77,"op":312,"st":24,"bm":0,"sr":1}]},{"id":"comp_7","layers":[{"ddd":0,"ind":0,"ty":4,"nm":"Shape Layer 2","ks":{"o":{"k":100},"r":{"k":0},"p":{"k":[250,250,0]},"a":{"k":[0,0,0]},"s":{"k":[100,100,100]}},"ao":0,"shapes":[{"ty":"gr","it":[{"ind":0,"ty":"sh","ks":{"k":{"i":[[0,0],[-42.938,-19.879]],"o":[[0,0],[40.5,18.75]],"v":[[82,-93],[148.5,-109.75]],"c":false}},"nm":"Path 1","mn":"ADBE Vector Shape - Group"},{"ty":"st","c":{"k":[1,0.87,0.93,1]},"o":{"k":100},"w":{"k":[{"i":{"x":[0.667],"y":[1]},"o":{"x":[0.167],"y":[0.167]},"n":["0p667_1_0p167_0p167"],"t":77,"s":[0],"e":[6]},{"i":{"x":[0.833],"y":[0.833]},"o":{"x":[0.333],"y":[0]},"n":["0p833_0p833_0p333_0"],"t":80,"s":[6],"e":[0]},{"t":83}]},"lc":2,"lj":2,"nm":"Stroke 1","mn":"ADBE Vector Graphic - Stroke"},{"ty":"tr","p":{"k":[0,0],"ix":2},"a":{"k":[0,0],"ix":1},"s":{"k":[100,100],"ix":3},"r":{"k":0,"ix":6},"o":{"k":100,"ix":7},"sk":{"k":0,"ix":4},"sa":{"k":0,"ix":5},"nm":"Transform"}],"nm":"Shape 1","np":3,"mn":"ADBE Vector Group"},{"ty":"tm","s":{"k":[{"i":{"x":[0.833],"y":[0.833]},"o":{"x":[0.167],"y":[0.167]},"n":["0p833_0p833_0p167_0p167"],"t":77,"s":[0],"e":[55]},{"i":{"x":[0.833],"y":[0.833]},"o":{"x":[0.167],"y":[0.167]},"n":["0p833_0p833_0p167_0p167"],"t":80,"s":[55],"e":[100]},{"t":83}],"ix":1},"e":{"k":[{"i":{"x":[0.833],"y":[0.833]},"o":{"x":[0.167],"y":[0.167]},"n":["0p833_0p833_0p167_0p167"],"t":77,"s":[1],"e":[45]},{"i":{"x":[0.833],"y":[0.833]},"o":{"x":[0.167],"y":[0.167]},"n":["0p833_0p833_0p167_0p167"],"t":80,"s":[45],"e":[99]},{"t":83}],"ix":2},"o":{"k":0,"ix":3},"m":1,"ix":2,"nm":"Trim Paths 1","mn":"ADBE Vector Filter - Trim"}],"ip":77,"op":87,"st":24,"bm":0,"sr":1},{"ddd":0,"ind":1,"ty":4,"nm":"Shape Layer 6","ks":{"o":{"k":100},"r":{"k":[{"i":{"x":[0.833],"y":[0.833]},"o":{"x":[0.167],"y":[0.167]},"n":["0p833_0p833_0p167_0p167"],"t":77,"s":[0],"e":[90]},{"t":89}]},"p":{"k":[{"i":{"x":0.833,"y":0.833},"o":{"x":0.167,"y":0.167},"n":"0p833_0p833_0p167_0p167","t":77,"s":[179,349,0],"e":[86,445,0],"to":[0,0,0],"ti":[0,0,0]},{"t":89}]},"a":{"k":[0,0,0]},"s":{"k":[{"i":{"x":[0.498,0.498,0.667],"y":[1,1,0.667]},"o":{"x":[0.167,0.167,0.333],"y":[0.325,0.325,0.333]},"n":["0p498_1_0p167_0p325","0p498_1_0p167_0p325","0p667_0p667_0p333_0p333"],"t":77,"s":[0,0,100],"e":[6,6,100]},{"i":{"x":[0.833,0.833,0.667],"y":[0.676,0.676,0.667]},"o":{"x":[0.507,0.507,0.333],"y":[0,0,0.333]},"n":["0p833_0p676_0p507_0","0p833_0p676_0p507_0","0p667_0p667_0p333_0p333"],"t":83,"s":[6,6,100],"e":[0,0,100]},{"t":89}]}},"ao":0,"shapes":[{"ty":"gr","it":[{"ty":"sr","sy":1,"d":1,"pt":{"k":5,"ix":3},"p":{"k":[0,0],"ix":4},"r":{"k":0,"ix":5},"ir":{"k":125,"ix":6},"is":{"k":0,"ix":8},"or":{"k":250,"ix":7},"os":{"k":0,"ix":9},"ix":1,"nm":"Polystar Path 1","mn":"ADBE Vector Shape - Star"},{"ty":"st","c":{"k":[1,0.87,0.93,1]},"o":{"k":100},"w":{"k":6},"lc":2,"lj":2,"nm":"Stroke 1","mn":"ADBE Vector Graphic - Stroke"},{"ty":"fl","c":{"k":[1,0.87,0.93,1]},"o":{"k":100},"nm":"Fill 1","mn":"ADBE Vector Graphic - Fill"},{"ty":"tr","p":{"k":[0,0],"ix":2},"a":{"k":[0,0],"ix":1},"s":{"k":[100,100],"ix":3},"r":{"k":0,"ix":6},"o":{"k":100,"ix":7},"sk":{"k":0,"ix":4},"sa":{"k":0,"ix":5},"nm":"Transform"}],"nm":"Polystar 1","np":3,"mn":"ADBE Vector Group"}],"ip":77,"op":312,"st":24,"bm":0,"sr":1},{"ddd":0,"ind":2,"ty":4,"nm":"Shape Layer 5","ks":{"o":{"k":100},"r":{"k":[{"i":{"x":[0.833],"y":[0.833]},"o":{"x":[0.167],"y":[0.167]},"n":["0p833_0p833_0p167_0p167"],"t":77,"s":[0],"e":[90]},{"t":89}]},"p":{"k":[{"i":{"x":0.833,"y":0.833},"o":{"x":0.167,"y":0.167},"n":"0p833_0p833_0p167_0p167","t":77,"s":[236,130,0],"e":[211,39,0],"to":[0,0,0],"ti":[0,0,0]},{"t":89}]},"a":{"k":[0,0,0]},"s":{"k":[{"i":{"x":[0.498,0.498,0.667],"y":[1,1,0.667]},"o":{"x":[0.167,0.167,0.333],"y":[0.976,0.976,0.333]},"n":["0p498_1_0p167_0p976","0p498_1_0p167_0p976","0p667_0p667_0p333_0p333"],"t":77,"s":[0,0,100],"e":[2,2,100]},{"i":{"x":[0.833,0.833,0.667],"y":[0.029,0.029,0.667]},"o":{"x":[0.507,0.507,0.333],"y":[0,0,0.333]},"n":["0p833_0p029_0p507_0","0p833_0p029_0p507_0","0p667_0p667_0p333_0p333"],"t":83,"s":[2,2,100],"e":[0,0,100]},{"t":89}]}},"ao":0,"shapes":[{"ty":"gr","it":[{"ty":"sr","sy":1,"d":1,"pt":{"k":5,"ix":3},"p":{"k":[0,0],"ix":4},"r":{"k":0,"ix":5},"ir":{"k":125,"ix":6},"is":{"k":0,"ix":8},"or":{"k":250,"ix":7},"os":{"k":0,"ix":9},"ix":1,"nm":"Polystar Path 1","mn":"ADBE Vector Shape - Star"},{"ty":"st","c":{"k":[1,0.87,0.93,1]},"o":{"k":100},"w":{"k":6},"lc":2,"lj":2,"nm":"Stroke 1","mn":"ADBE Vector Graphic - Stroke"},{"ty":"fl","c":{"k":[1,0.87,0.93,1]},"o":{"k":100},"nm":"Fill 1","mn":"ADBE Vector Graphic - Fill"},{"ty":"tr","p":{"k":[0,0],"ix":2},"a":{"k":[0,0],"ix":1},"s":{"k":[100,100],"ix":3},"r":{"k":0,"ix":6},"o":{"k":100,"ix":7},"sk":{"k":0,"ix":4},"sa":{"k":0,"ix":5},"nm":"Transform"}],"nm":"Polystar 1","np":3,"mn":"ADBE Vector Group"}],"ip":77,"op":312,"st":24,"bm":0,"sr":1},{"ddd":0,"ind":3,"ty":4,"nm":"Shape Layer 4","ks":{"o":{"k":100},"r":{"k":[{"i":{"x":[0.833],"y":[0.833]},"o":{"x":[0.167],"y":[0.167]},"n":["0p833_0p833_0p167_0p167"],"t":77,"s":[0],"e":[90]},{"t":89}]},"p":{"k":[{"i":{"x":0.833,"y":0.833},"o":{"x":0.167,"y":0.167},"n":"0p833_0p833_0p167_0p167","t":77,"s":[336,337,0],"e":[398,400,0],"to":[0,0,0],"ti":[0,0,0]},{"t":89}]},"a":{"k":[0,0,0]},"s":{"k":[{"i":{"x":[0.498,0.498,0.667],"y":[1,1,0.667]},"o":{"x":[0.167,0.167,0.333],"y":[0.488,0.488,0.333]},"n":["0p498_1_0p167_0p488","0p498_1_0p167_0p488","0p667_0p667_0p333_0p333"],"t":77,"s":[0,0,100],"e":[4,4,100]},{"i":{"x":[0.833,0.833,0.667],"y":[0.514,0.514,0.667]},"o":{"x":[0.507,0.507,0.333],"y":[0,0,0.333]},"n":["0p833_0p514_0p507_0","0p833_0p514_0p507_0","0p667_0p667_0p333_0p333"],"t":83,"s":[4,4,100],"e":[0,0,100]},{"t":89}]}},"ao":0,"shapes":[{"ty":"gr","it":[{"ty":"sr","sy":1,"d":1,"pt":{"k":5,"ix":3},"p":{"k":[0,0],"ix":4},"r":{"k":0,"ix":5},"ir":{"k":125,"ix":6},"is":{"k":0,"ix":8},"or":{"k":250,"ix":7},"os":{"k":0,"ix":9},"ix":1,"nm":"Polystar Path 1","mn":"ADBE Vector Shape - Star"},{"ty":"st","c":{"k":[1,0.87,0.93,1]},"o":{"k":100},"w":{"k":6},"lc":2,"lj":2,"nm":"Stroke 1","mn":"ADBE Vector Graphic - Stroke"},{"ty":"fl","c":{"k":[1,0.87,0.93,1]},"o":{"k":100},"nm":"Fill 1","mn":"ADBE Vector Graphic - Fill"},{"ty":"tr","p":{"k":[0,0],"ix":2},"a":{"k":[0,0],"ix":1},"s":{"k":[100,100],"ix":3},"r":{"k":0,"ix":6},"o":{"k":100,"ix":7},"sk":{"k":0,"ix":4},"sa":{"k":0,"ix":5},"nm":"Transform"}],"nm":"Polystar 1","np":3,"mn":"ADBE Vector Group"}],"ip":77,"op":312,"st":24,"bm":0,"sr":1}]},{"id":"comp_8","layers":[{"ddd":0,"ind":0,"ty":4,"nm":"Shape Layer 2","ks":{"o":{"k":100},"r":{"k":0},"p":{"k":[250,250,0]},"a":{"k":[0,0,0]},"s":{"k":[100,100,100]}},"ao":0,"shapes":[{"ty":"gr","it":[{"ind":0,"ty":"sh","ks":{"k":{"i":[[0,0],[-42.938,-19.879]],"o":[[0,0],[40.5,18.75]],"v":[[82,-93],[148.5,-109.75]],"c":false}},"nm":"Path 1","mn":"ADBE Vector Shape - Group"},{"ty":"st","c":{"k":[1,0.87,0.93,1]},"o":{"k":100},"w":{"k":[{"i":{"x":[0.667],"y":[1]},"o":{"x":[0.167],"y":[0.167]},"n":["0p667_1_0p167_0p167"],"t":77,"s":[0],"e":[6]},{"i":{"x":[0.833],"y":[0.833]},"o":{"x":[0.333],"y":[0]},"n":["0p833_0p833_0p333_0"],"t":80,"s":[6],"e":[0]},{"t":83}]},"lc":2,"lj":2,"nm":"Stroke 1","mn":"ADBE Vector Graphic - Stroke"},{"ty":"tr","p":{"k":[0,0],"ix":2},"a":{"k":[0,0],"ix":1},"s":{"k":[100,100],"ix":3},"r":{"k":0,"ix":6},"o":{"k":100,"ix":7},"sk":{"k":0,"ix":4},"sa":{"k":0,"ix":5},"nm":"Transform"}],"nm":"Shape 1","np":3,"mn":"ADBE Vector Group"},{"ty":"tm","s":{"k":[{"i":{"x":[0.833],"y":[0.833]},"o":{"x":[0.167],"y":[0.167]},"n":["0p833_0p833_0p167_0p167"],"t":77,"s":[0],"e":[55]},{"i":{"x":[0.833],"y":[0.833]},"o":{"x":[0.167],"y":[0.167]},"n":["0p833_0p833_0p167_0p167"],"t":80,"s":[55],"e":[100]},{"t":83}],"ix":1},"e":{"k":[{"i":{"x":[0.833],"y":[0.833]},"o":{"x":[0.167],"y":[0.167]},"n":["0p833_0p833_0p167_0p167"],"t":77,"s":[1],"e":[45]},{"i":{"x":[0.833],"y":[0.833]},"o":{"x":[0.167],"y":[0.167]},"n":["0p833_0p833_0p167_0p167"],"t":80,"s":[45],"e":[99]},{"t":83}],"ix":2},"o":{"k":0,"ix":3},"m":1,"ix":2,"nm":"Trim Paths 1","mn":"ADBE Vector Filter - Trim"}],"ip":77,"op":87,"st":24,"bm":0,"sr":1},{"ddd":0,"ind":1,"ty":4,"nm":"Shape Layer 6","ks":{"o":{"k":100},"r":{"k":[{"i":{"x":[0.833],"y":[0.833]},"o":{"x":[0.167],"y":[0.167]},"n":["0p833_0p833_0p167_0p167"],"t":77,"s":[0],"e":[90]},{"t":89}]},"p":{"k":[{"i":{"x":0.833,"y":0.833},"o":{"x":0.167,"y":0.167},"n":"0p833_0p833_0p167_0p167","t":77,"s":[179,349,0],"e":[86,445,0],"to":[0,0,0],"ti":[0,0,0]},{"t":89}]},"a":{"k":[0,0,0]},"s":{"k":[{"i":{"x":[0.498,0.498,0.667],"y":[1,1,0.667]},"o":{"x":[0.167,0.167,0.333],"y":[0.325,0.325,0.333]},"n":["0p498_1_0p167_0p325","0p498_1_0p167_0p325","0p667_0p667_0p333_0p333"],"t":77,"s":[0,0,100],"e":[6,6,100]},{"i":{"x":[0.833,0.833,0.667],"y":[0.676,0.676,0.667]},"o":{"x":[0.507,0.507,0.333],"y":[0,0,0.333]},"n":["0p833_0p676_0p507_0","0p833_0p676_0p507_0","0p667_0p667_0p333_0p333"],"t":83,"s":[6,6,100],"e":[0,0,100]},{"t":89}]}},"ao":0,"shapes":[{"ty":"gr","it":[{"ty":"sr","sy":1,"d":1,"pt":{"k":5,"ix":3},"p":{"k":[0,0],"ix":4},"r":{"k":0,"ix":5},"ir":{"k":125,"ix":6},"is":{"k":0,"ix":8},"or":{"k":250,"ix":7},"os":{"k":0,"ix":9},"ix":1,"nm":"Polystar Path 1","mn":"ADBE Vector Shape - Star"},{"ty":"st","c":{"k":[1,0.87,0.93,1]},"o":{"k":100},"w":{"k":6},"lc":2,"lj":2,"nm":"Stroke 1","mn":"ADBE Vector Graphic - Stroke"},{"ty":"fl","c":{"k":[1,0.87,0.93,1]},"o":{"k":100},"nm":"Fill 1","mn":"ADBE Vector Graphic - Fill"},{"ty":"tr","p":{"k":[0,0],"ix":2},"a":{"k":[0,0],"ix":1},"s":{"k":[100,100],"ix":3},"r":{"k":0,"ix":6},"o":{"k":100,"ix":7},"sk":{"k":0,"ix":4},"sa":{"k":0,"ix":5},"nm":"Transform"}],"nm":"Polystar 1","np":3,"mn":"ADBE Vector Group"}],"ip":77,"op":312,"st":24,"bm":0,"sr":1},{"ddd":0,"ind":2,"ty":4,"nm":"Shape Layer 5","ks":{"o":{"k":100},"r":{"k":[{"i":{"x":[0.833],"y":[0.833]},"o":{"x":[0.167],"y":[0.167]},"n":["0p833_0p833_0p167_0p167"],"t":77,"s":[0],"e":[90]},{"t":89}]},"p":{"k":[{"i":{"x":0.833,"y":0.833},"o":{"x":0.167,"y":0.167},"n":"0p833_0p833_0p167_0p167","t":77,"s":[236,130,0],"e":[211,39,0],"to":[0,0,0],"ti":[0,0,0]},{"t":89}]},"a":{"k":[0,0,0]},"s":{"k":[{"i":{"x":[0.498,0.498,0.667],"y":[1,1,0.667]},"o":{"x":[0.167,0.167,0.333],"y":[0.976,0.976,0.333]},"n":["0p498_1_0p167_0p976","0p498_1_0p167_0p976","0p667_0p667_0p333_0p333"],"t":77,"s":[0,0,100],"e":[2,2,100]},{"i":{"x":[0.833,0.833,0.667],"y":[0.029,0.029,0.667]},"o":{"x":[0.507,0.507,0.333],"y":[0,0,0.333]},"n":["0p833_0p029_0p507_0","0p833_0p029_0p507_0","0p667_0p667_0p333_0p333"],"t":83,"s":[2,2,100],"e":[0,0,100]},{"t":89}]}},"ao":0,"shapes":[{"ty":"gr","it":[{"ty":"sr","sy":1,"d":1,"pt":{"k":5,"ix":3},"p":{"k":[0,0],"ix":4},"r":{"k":0,"ix":5},"ir":{"k":125,"ix":6},"is":{"k":0,"ix":8},"or":{"k":250,"ix":7},"os":{"k":0,"ix":9},"ix":1,"nm":"Polystar Path 1","mn":"ADBE Vector Shape - Star"},{"ty":"st","c":{"k":[1,0.87,0.93,1]},"o":{"k":100},"w":{"k":6},"lc":2,"lj":2,"nm":"Stroke 1","mn":"ADBE Vector Graphic - Stroke"},{"ty":"fl","c":{"k":[1,0.87,0.93,1]},"o":{"k":100},"nm":"Fill 1","mn":"ADBE Vector Graphic - Fill"},{"ty":"tr","p":{"k":[0,0],"ix":2},"a":{"k":[0,0],"ix":1},"s":{"k":[100,100],"ix":3},"r":{"k":0,"ix":6},"o":{"k":100,"ix":7},"sk":{"k":0,"ix":4},"sa":{"k":0,"ix":5},"nm":"Transform"}],"nm":"Polystar 1","np":3,"mn":"ADBE Vector Group"}],"ip":77,"op":312,"st":24,"bm":0,"sr":1},{"ddd":0,"ind":3,"ty":4,"nm":"Shape Layer 4","ks":{"o":{"k":100},"r":{"k":[{"i":{"x":[0.833],"y":[0.833]},"o":{"x":[0.167],"y":[0.167]},"n":["0p833_0p833_0p167_0p167"],"t":77,"s":[0],"e":[90]},{"t":89}]},"p":{"k":[{"i":{"x":0.833,"y":0.833},"o":{"x":0.167,"y":0.167},"n":"0p833_0p833_0p167_0p167","t":77,"s":[336,337,0],"e":[398,400,0],"to":[0,0,0],"ti":[0,0,0]},{"t":89}]},"a":{"k":[0,0,0]},"s":{"k":[{"i":{"x":[0.498,0.498,0.667],"y":[1,1,0.667]},"o":{"x":[0.167,0.167,0.333],"y":[0.488,0.488,0.333]},"n":["0p498_1_0p167_0p488","0p498_1_0p167_0p488","0p667_0p667_0p333_0p333"],"t":77,"s":[0,0,100],"e":[4,4,100]},{"i":{"x":[0.833,0.833,0.667],"y":[0.514,0.514,0.667]},"o":{"x":[0.507,0.507,0.333],"y":[0,0,0.333]},"n":["0p833_0p514_0p507_0","0p833_0p514_0p507_0","0p667_0p667_0p333_0p333"],"t":83,"s":[4,4,100],"e":[0,0,100]},{"t":89}]}},"ao":0,"shapes":[{"ty":"gr","it":[{"ty":"sr","sy":1,"d":1,"pt":{"k":5,"ix":3},"p":{"k":[0,0],"ix":4},"r":{"k":0,"ix":5},"ir":{"k":125,"ix":6},"is":{"k":0,"ix":8},"or":{"k":250,"ix":7},"os":{"k":0,"ix":9},"ix":1,"nm":"Polystar Path 1","mn":"ADBE Vector Shape - Star"},{"ty":"st","c":{"k":[1,0.87,0.93,1]},"o":{"k":100},"w":{"k":6},"lc":2,"lj":2,"nm":"Stroke 1","mn":"ADBE Vector Graphic - Stroke"},{"ty":"fl","c":{"k":[1,0.87,0.93,1]},"o":{"k":100},"nm":"Fill 1","mn":"ADBE Vector Graphic - Fill"},{"ty":"tr","p":{"k":[0,0],"ix":2},"a":{"k":[0,0],"ix":1},"s":{"k":[100,100],"ix":3},"r":{"k":0,"ix":6},"o":{"k":100,"ix":7},"sk":{"k":0,"ix":4},"sa":{"k":0,"ix":5},"nm":"Transform"}],"nm":"Polystar 1","np":3,"mn":"ADBE Vector Group"}],"ip":77,"op":312,"st":24,"bm":0,"sr":1}]},{"id":"comp_9","layers":[{"ddd":0,"ind":0,"ty":4,"nm":"Shape Layer 2","ks":{"o":{"k":100},"r":{"k":0},"p":{"k":[250,250,0]},"a":{"k":[0,0,0]},"s":{"k":[100,100,100]}},"ao":0,"shapes":[{"ty":"gr","it":[{"ind":0,"ty":"sh","ks":{"k":{"i":[[0,0],[-42.938,-19.879]],"o":[[0,0],[40.5,18.75]],"v":[[82,-93],[148.5,-109.75]],"c":false}},"nm":"Path 1","mn":"ADBE Vector Shape - Group"},{"ty":"st","c":{"k":[1,0.87,0.93,1]},"o":{"k":100},"w":{"k":[{"i":{"x":[0.667],"y":[1]},"o":{"x":[0.167],"y":[0.167]},"n":["0p667_1_0p167_0p167"],"t":77,"s":[0],"e":[6]},{"i":{"x":[0.833],"y":[0.833]},"o":{"x":[0.333],"y":[0]},"n":["0p833_0p833_0p333_0"],"t":80,"s":[6],"e":[0]},{"t":83}]},"lc":2,"lj":2,"nm":"Stroke 1","mn":"ADBE Vector Graphic - Stroke"},{"ty":"tr","p":{"k":[0,0],"ix":2},"a":{"k":[0,0],"ix":1},"s":{"k":[100,100],"ix":3},"r":{"k":0,"ix":6},"o":{"k":100,"ix":7},"sk":{"k":0,"ix":4},"sa":{"k":0,"ix":5},"nm":"Transform"}],"nm":"Shape 1","np":3,"mn":"ADBE Vector Group"},{"ty":"tm","s":{"k":[{"i":{"x":[0.833],"y":[0.833]},"o":{"x":[0.167],"y":[0.167]},"n":["0p833_0p833_0p167_0p167"],"t":77,"s":[0],"e":[55]},{"i":{"x":[0.833],"y":[0.833]},"o":{"x":[0.167],"y":[0.167]},"n":["0p833_0p833_0p167_0p167"],"t":80,"s":[55],"e":[100]},{"t":83}],"ix":1},"e":{"k":[{"i":{"x":[0.833],"y":[0.833]},"o":{"x":[0.167],"y":[0.167]},"n":["0p833_0p833_0p167_0p167"],"t":77,"s":[1],"e":[45]},{"i":{"x":[0.833],"y":[0.833]},"o":{"x":[0.167],"y":[0.167]},"n":["0p833_0p833_0p167_0p167"],"t":80,"s":[45],"e":[99]},{"t":83}],"ix":2},"o":{"k":0,"ix":3},"m":1,"ix":2,"nm":"Trim Paths 1","mn":"ADBE Vector Filter - Trim"}],"ip":77,"op":87,"st":24,"bm":0,"sr":1},{"ddd":0,"ind":1,"ty":4,"nm":"Shape Layer 6","ks":{"o":{"k":100},"r":{"k":[{"i":{"x":[0.833],"y":[0.833]},"o":{"x":[0.167],"y":[0.167]},"n":["0p833_0p833_0p167_0p167"],"t":77,"s":[0],"e":[90]},{"t":89}]},"p":{"k":[{"i":{"x":0.833,"y":0.833},"o":{"x":0.167,"y":0.167},"n":"0p833_0p833_0p167_0p167","t":77,"s":[179,349,0],"e":[86,445,0],"to":[0,0,0],"ti":[0,0,0]},{"t":89}]},"a":{"k":[0,0,0]},"s":{"k":[{"i":{"x":[0.498,0.498,0.667],"y":[1,1,0.667]},"o":{"x":[0.167,0.167,0.333],"y":[0.325,0.325,0.333]},"n":["0p498_1_0p167_0p325","0p498_1_0p167_0p325","0p667_0p667_0p333_0p333"],"t":77,"s":[0,0,100],"e":[6,6,100]},{"i":{"x":[0.833,0.833,0.667],"y":[0.676,0.676,0.667]},"o":{"x":[0.507,0.507,0.333],"y":[0,0,0.333]},"n":["0p833_0p676_0p507_0","0p833_0p676_0p507_0","0p667_0p667_0p333_0p333"],"t":83,"s":[6,6,100],"e":[0,0,100]},{"t":89}]}},"ao":0,"shapes":[{"ty":"gr","it":[{"ty":"sr","sy":1,"d":1,"pt":{"k":5,"ix":3},"p":{"k":[0,0],"ix":4},"r":{"k":0,"ix":5},"ir":{"k":125,"ix":6},"is":{"k":0,"ix":8},"or":{"k":250,"ix":7},"os":{"k":0,"ix":9},"ix":1,"nm":"Polystar Path 1","mn":"ADBE Vector Shape - Star"},{"ty":"st","c":{"k":[1,0.87,0.93,1]},"o":{"k":100},"w":{"k":6},"lc":2,"lj":2,"nm":"Stroke 1","mn":"ADBE Vector Graphic - Stroke"},{"ty":"fl","c":{"k":[1,0.87,0.93,1]},"o":{"k":100},"nm":"Fill 1","mn":"ADBE Vector Graphic - Fill"},{"ty":"tr","p":{"k":[0,0],"ix":2},"a":{"k":[0,0],"ix":1},"s":{"k":[100,100],"ix":3},"r":{"k":0,"ix":6},"o":{"k":100,"ix":7},"sk":{"k":0,"ix":4},"sa":{"k":0,"ix":5},"nm":"Transform"}],"nm":"Polystar 1","np":3,"mn":"ADBE Vector Group"}],"ip":77,"op":312,"st":24,"bm":0,"sr":1},{"ddd":0,"ind":2,"ty":4,"nm":"Shape Layer 5","ks":{"o":{"k":100},"r":{"k":[{"i":{"x":[0.833],"y":[0.833]},"o":{"x":[0.167],"y":[0.167]},"n":["0p833_0p833_0p167_0p167"],"t":77,"s":[0],"e":[90]},{"t":89}]},"p":{"k":[{"i":{"x":0.833,"y":0.833},"o":{"x":0.167,"y":0.167},"n":"0p833_0p833_0p167_0p167","t":77,"s":[236,130,0],"e":[211,39,0],"to":[0,0,0],"ti":[0,0,0]},{"t":89}]},"a":{"k":[0,0,0]},"s":{"k":[{"i":{"x":[0.498,0.498,0.667],"y":[1,1,0.667]},"o":{"x":[0.167,0.167,0.333],"y":[0.976,0.976,0.333]},"n":["0p498_1_0p167_0p976","0p498_1_0p167_0p976","0p667_0p667_0p333_0p333"],"t":77,"s":[0,0,100],"e":[2,2,100]},{"i":{"x":[0.833,0.833,0.667],"y":[0.029,0.029,0.667]},"o":{"x":[0.507,0.507,0.333],"y":[0,0,0.333]},"n":["0p833_0p029_0p507_0","0p833_0p029_0p507_0","0p667_0p667_0p333_0p333"],"t":83,"s":[2,2,100],"e":[0,0,100]},{"t":89}]}},"ao":0,"shapes":[{"ty":"gr","it":[{"ty":"sr","sy":1,"d":1,"pt":{"k":5,"ix":3},"p":{"k":[0,0],"ix":4},"r":{"k":0,"ix":5},"ir":{"k":125,"ix":6},"is":{"k":0,"ix":8},"or":{"k":250,"ix":7},"os":{"k":0,"ix":9},"ix":1,"nm":"Polystar Path 1","mn":"ADBE Vector Shape - Star"},{"ty":"st","c":{"k":[1,0.87,0.93,1]},"o":{"k":100},"w":{"k":6},"lc":2,"lj":2,"nm":"Stroke 1","mn":"ADBE Vector Graphic - Stroke"},{"ty":"fl","c":{"k":[1,0.87,0.93,1]},"o":{"k":100},"nm":"Fill 1","mn":"ADBE Vector Graphic - Fill"},{"ty":"tr","p":{"k":[0,0],"ix":2},"a":{"k":[0,0],"ix":1},"s":{"k":[100,100],"ix":3},"r":{"k":0,"ix":6},"o":{"k":100,"ix":7},"sk":{"k":0,"ix":4},"sa":{"k":0,"ix":5},"nm":"Transform"}],"nm":"Polystar 1","np":3,"mn":"ADBE Vector Group"}],"ip":77,"op":312,"st":24,"bm":0,"sr":1},{"ddd":0,"ind":3,"ty":4,"nm":"Shape Layer 4","ks":{"o":{"k":100},"r":{"k":[{"i":{"x":[0.833],"y":[0.833]},"o":{"x":[0.167],"y":[0.167]},"n":["0p833_0p833_0p167_0p167"],"t":77,"s":[0],"e":[90]},{"t":89}]},"p":{"k":[{"i":{"x":0.833,"y":0.833},"o":{"x":0.167,"y":0.167},"n":"0p833_0p833_0p167_0p167","t":77,"s":[336,337,0],"e":[398,400,0],"to":[0,0,0],"ti":[0,0,0]},{"t":89}]},"a":{"k":[0,0,0]},"s":{"k":[{"i":{"x":[0.498,0.498,0.667],"y":[1,1,0.667]},"o":{"x":[0.167,0.167,0.333],"y":[0.488,0.488,0.333]},"n":["0p498_1_0p167_0p488","0p498_1_0p167_0p488","0p667_0p667_0p333_0p333"],"t":77,"s":[0,0,100],"e":[4,4,100]},{"i":{"x":[0.833,0.833,0.667],"y":[0.514,0.514,0.667]},"o":{"x":[0.507,0.507,0.333],"y":[0,0,0.333]},"n":["0p833_0p514_0p507_0","0p833_0p514_0p507_0","0p667_0p667_0p333_0p333"],"t":83,"s":[4,4,100],"e":[0,0,100]},{"t":89}]}},"ao":0,"shapes":[{"ty":"gr","it":[{"ty":"sr","sy":1,"d":1,"pt":{"k":5,"ix":3},"p":{"k":[0,0],"ix":4},"r":{"k":0,"ix":5},"ir":{"k":125,"ix":6},"is":{"k":0,"ix":8},"or":{"k":250,"ix":7},"os":{"k":0,"ix":9},"ix":1,"nm":"Polystar Path 1","mn":"ADBE Vector Shape - Star"},{"ty":"st","c":{"k":[1,0.87,0.93,1]},"o":{"k":100},"w":{"k":6},"lc":2,"lj":2,"nm":"Stroke 1","mn":"ADBE Vector Graphic - Stroke"},{"ty":"fl","c":{"k":[1,0.87,0.93,1]},"o":{"k":100},"nm":"Fill 1","mn":"ADBE Vector Graphic - Fill"},{"ty":"tr","p":{"k":[0,0],"ix":2},"a":{"k":[0,0],"ix":1},"s":{"k":[100,100],"ix":3},"r":{"k":0,"ix":6},"o":{"k":100,"ix":7},"sk":{"k":0,"ix":4},"sa":{"k":0,"ix":5},"nm":"Transform"}],"nm":"Polystar 1","np":3,"mn":"ADBE Vector Group"}],"ip":77,"op":312,"st":24,"bm":0,"sr":1}]}],"layers":[{"ddd":0,"ind":0,"ty":2,"nm":"9.png","cl":"png","refId":"image_0","ks":{"o":{"k":100},"r":{"k":[{"i":{"x":[0.667],"y":[1]},"o":{"x":[0.333],"y":[0]},"n":["0p667_1_0p333_0"],"t":9,"s":[5],"e":[-5]},{"i":{"x":[0.667],"y":[1]},"o":{"x":[0.333],"y":[0]},"n":["0p667_1_0p333_0"],"t":48,"s":[-5],"e":[5]},{"t":87}],"x":"var $bm_rt;\n$bm_rt = loopOut(type = 'cycle', numKeyframes = 0);"},"p":{"k":[{"i":{"x":0.667,"y":1},"o":{"x":0.333,"y":0},"n":"0p667_1_0p333_0","t":9,"s":[281,542,0],"e":[299.4,549.8,0],"to":[0,0,0],"ti":[0,0,0]},{"t":87}]},"a":{"k":[127.5,127.5,0]},"s":{"k":[{"i":{"x":[0.833,0.833,0.833],"y":[0.95,0.95,0.833]},"o":{"x":[0.257,0.257,0.333],"y":[0.252,0.252,0.333]},"n":["0p833_0p95_0p257_0p252","0p833_0p95_0p257_0p252","0p833_0p833_0p333_0p333"],"t":9,"s":[0,0,100],"e":[30,30,100]},{"i":{"x":[0.691,0.691,0.667],"y":[1,1,0.667]},"o":{"x":[0.167,0.167,0.167],"y":[0.75,0.75,0.167]},"n":["0p691_1_0p167_0p75","0p691_1_0p167_0p75","0p667_0p667_0p167_0p167"],"t":21,"s":[30,30,100],"e":[36,36,100]},{"i":{"x":[0.691,0.691,0.667],"y":[0.691,0.691,0.667]},"o":{"x":[0.333,0.333,0.333],"y":[0.333,0.333,0.333]},"n":["0p691_0p691_0p333_0p333","0p691_0p691_0p333_0p333","0p667_0p667_0p333_0p333"],"t":57,"s":[36,36,100],"e":[36,36,100]},{"i":{"x":[0.667,0.667,0.667],"y":[1,1,0.667]},"o":{"x":[0.333,0.333,0.333],"y":[0,0,0.333]},"n":["0p667_1_0p333_0","0p667_1_0p333_0","0p667_0p667_0p333_0p333"],"t":81,"s":[36,36,100],"e":[0,0,100]},{"t":87}]}},"ao":0,"ip":9,"op":97,"st":9,"bm":0,"sr":1},{"ddd":0,"ind":1,"ty":2,"nm":"2.png","cl":"png","refId":"image_1","ks":{"o":{"k":100},"r":{"k":[{"i":{"x":[0.667],"y":[1]},"o":{"x":[0.333],"y":[0]},"n":["0p667_1_0p333_0"],"t":8,"s":[5],"e":[-5]},{"i":{"x":[0.667],"y":[1]},"o":{"x":[0.333],"y":[0]},"n":["0p667_1_0p333_0"],"t":47,"s":[-5],"e":[5]},{"t":86}],"x":"var $bm_rt;\n$bm_rt = loopOut(type = 'cycle', numKeyframes = 0);"},"p":{"k":[{"i":{"x":0.667,"y":1},"o":{"x":0.333,"y":0},"n":"0p667_1_0p333_0","t":8,"s":[212,732,0],"e":[202.2,715.6,0],"to":[0,0,0],"ti":[0,0,0]},{"t":86}]},"a":{"k":[127.5,127.5,0]},"s":{"k":[{"i":{"x":[0.833,0.833,0.833],"y":[0.951,0.951,0.833]},"o":{"x":[0.219,0.219,0.333],"y":[0.339,0.339,0.333]},"n":["0p833_0p951_0p219_0p339","0p833_0p951_0p219_0p339","0p833_0p833_0p333_0p333"],"t":8,"s":[0,0,100],"e":[33,33,100]},{"i":{"x":[0.699,0.699,0.667],"y":[1,1,0.667]},"o":{"x":[0.167,0.167,0.167],"y":[0.813,0.813,0.167]},"n":["0p699_1_0p167_0p813","0p699_1_0p167_0p813","0p667_0p667_0p167_0p167"],"t":20,"s":[33,33,100],"e":[39,39,100]},{"i":{"x":[0.699,0.699,0.667],"y":[0.699,0.699,0.667]},"o":{"x":[0.333,0.333,0.333],"y":[0.333,0.333,0.333]},"n":["0p699_0p699_0p333_0p333","0p699_0p699_0p333_0p333","0p667_0p667_0p333_0p333"],"t":56,"s":[39,39,100],"e":[39,39,100]},{"i":{"x":[0.667,0.667,0.667],"y":[1,1,0.667]},"o":{"x":[0.333,0.333,0.333],"y":[0,0,0.333]},"n":["0p667_1_0p333_0","0p667_1_0p333_0","0p667_0p667_0p333_0p333"],"t":80,"s":[39,39,100],"e":[0,0,100]},{"t":86}]}},"ao":0,"ip":8,"op":97,"st":8,"bm":0,"sr":1},{"ddd":0,"ind":2,"ty":2,"nm":"10.png","cl":"png","refId":"image_2","ks":{"o":{"k":100},"r":{"k":[{"i":{"x":[0.667],"y":[1]},"o":{"x":[0.333],"y":[0]},"n":["0p667_1_0p333_0"],"t":7,"s":[5],"e":[-5]},{"i":{"x":[0.667],"y":[1]},"o":{"x":[0.333],"y":[0]},"n":["0p667_1_0p333_0"],"t":46,"s":[-5],"e":[5]},{"t":85}],"x":"var $bm_rt;\n$bm_rt = loopOut(type = 'cycle', numKeyframes = 0);"},"p":{"k":[{"i":{"x":0.667,"y":1},"o":{"x":0.333,"y":0},"n":"0p667_1_0p333_0","t":7,"s":[342,349,0],"e":[327.2,347.6,0],"to":[0,0,0],"ti":[0,0,0]},{"t":85}]},"a":{"k":[127.5,127.5,0]},"s":{"k":[{"i":{"x":[0.833,0.833,0.833],"y":[0.953,0.953,0.833]},"o":{"x":[0.068,0.068,0.333],"y":[0.296,0.296,0.333]},"n":["0p833_0p953_0p068_0p296","0p833_0p953_0p068_0p296","0p833_0p833_0p333_0p333"],"t":7,"s":[0,0,100],"e":[45,45,100]},{"i":{"x":[0.699,0.699,0.667],"y":[1,1,0.667]},"o":{"x":[0.167,0.167,0.167],"y":[1.063,1.063,0.167]},"n":["0p699_1_0p167_1p063","0p699_1_0p167_1p063","0p667_0p667_0p167_0p167"],"t":19,"s":[45,45,100],"e":[51,51,100]},{"i":{"x":[0.699,0.699,0.667],"y":[0.699,0.699,0.667]},"o":{"x":[0.333,0.333,0.333],"y":[0.333,0.333,0.333]},"n":["0p699_0p699_0p333_0p333","0p699_0p699_0p333_0p333","0p667_0p667_0p333_0p333"],"t":55,"s":[51,51,100],"e":[51,51,100]},{"i":{"x":[0.667,0.667,0.667],"y":[1,1,0.667]},"o":{"x":[0.333,0.333,0.333],"y":[0,0,0.333]},"n":["0p667_1_0p333_0","0p667_1_0p333_0","0p667_0p667_0p333_0p333"],"t":79,"s":[51,51,100],"e":[0,0,100]},{"t":85}]}},"ao":0,"ip":7,"op":97,"st":7,"bm":0,"sr":1},{"ddd":0,"ind":3,"ty":2,"nm":"4.png","cl":"png","refId":"image_3","ks":{"o":{"k":100},"r":{"k":[{"i":{"x":[0.667],"y":[1]},"o":{"x":[0.333],"y":[0]},"n":["0p667_1_0p333_0"],"t":6,"s":[5],"e":[-5]},{"i":{"x":[0.667],"y":[1]},"o":{"x":[0.333],"y":[0]},"n":["0p667_1_0p333_0"],"t":45,"s":[-5],"e":[5]},{"t":84}],"x":"var $bm_rt;\n$bm_rt = loopOut(type = 'cycle', numKeyframes = 0);"},"p":{"k":[{"i":{"x":0.667,"y":1},"o":{"x":0.333,"y":0},"n":"0p667_1_0p333_0","t":6,"s":[95,452,0],"e":[114.6,461,0],"to":[0,0,0],"ti":[0,0,0]},{"t":84}]},"a":{"k":[127.5,127.5,0]},"s":{"k":[{"i":{"x":[0.833,0.833,0.833],"y":[0.953,0.953,0.833]},"o":{"x":[0.117,0.117,0.333],"y":[0.281,0.281,0.333]},"n":["0p833_0p953_0p117_0p281","0p833_0p953_0p117_0p281","0p833_0p833_0p333_0p333"],"t":6,"s":[0,0,100],"e":[48,48,100]},{"i":{"x":[0.699,0.699,0.667],"y":[1,1,0.667]},"o":{"x":[0.167,0.167,0.167],"y":[1.125,1.125,0.167]},"n":["0p699_1_0p167_1p125","0p699_1_0p167_1p125","0p667_0p667_0p167_0p167"],"t":18,"s":[48,48,100],"e":[54,54,100]},{"i":{"x":[0.699,0.699,0.667],"y":[0.699,0.699,0.667]},"o":{"x":[0.333,0.333,0.333],"y":[0.333,0.333,0.333]},"n":["0p699_0p699_0p333_0p333","0p699_0p699_0p333_0p333","0p667_0p667_0p333_0p333"],"t":54,"s":[54,54,100],"e":[54,54,100]},{"i":{"x":[0.667,0.667,0.667],"y":[1,1,0.667]},"o":{"x":[0.333,0.333,0.333],"y":[0,0,0.333]},"n":["0p667_1_0p333_0","0p667_1_0p333_0","0p667_0p667_0p333_0p333"],"t":78,"s":[54,54,100],"e":[0,0,100]},{"t":84}]}},"ao":0,"ip":6,"op":97,"st":6,"bm":0,"sr":1},{"ddd":0,"ind":4,"ty":2,"nm":"5.png","cl":"png","refId":"image_4","ks":{"o":{"k":100},"r":{"k":[{"i":{"x":[0.667],"y":[1]},"o":{"x":[0.333],"y":[0]},"n":["0p667_1_0p333_0"],"t":5,"s":[5],"e":[-5]},{"i":{"x":[0.667],"y":[1]},"o":{"x":[0.333],"y":[0]},"n":["0p667_1_0p333_0"],"t":44,"s":[-5],"e":[5]},{"t":83}],"x":"var $bm_rt;\n$bm_rt = loopOut(type = 'cycle', numKeyframes = 0);"},"p":{"k":[{"i":{"x":0.667,"y":1},"o":{"x":0.333,"y":0},"n":"0p667_1_0p333_0","t":5,"s":[519,946,0],"e":[531.6,924,0],"to":[0,0,0],"ti":[0,0,0]},{"t":83}]},"a":{"k":[127.5,127.5,0]},"s":{"k":[{"i":{"x":[0.833,0.833,0.833],"y":[0.953,0.953,0.833]},"o":{"x":[0.096,0.096,0.333],"y":[0.264,0.264,0.333]},"n":["0p833_0p953_0p096_0p264","0p833_0p953_0p096_0p264","0p833_0p833_0p333_0p333"],"t":5,"s":[0,0,100],"e":[48,48,100]},{"i":{"x":[0.699,0.699,0.667],"y":[1,1,0.667]},"o":{"x":[0.167,0.167,0.167],"y":[1.125,1.125,0.167]},"n":["0p699_1_0p167_1p125","0p699_1_0p167_1p125","0p667_0p667_0p167_0p167"],"t":17,"s":[48,48,100],"e":[54,54,100]},{"i":{"x":[0.699,0.699,0.667],"y":[0.699,0.699,0.667]},"o":{"x":[0.333,0.333,0.333],"y":[0.333,0.333,0.333]},"n":["0p699_0p699_0p333_0p333","0p699_0p699_0p333_0p333","0p667_0p667_0p333_0p333"],"t":53,"s":[54,54,100],"e":[54,54,100]},{"i":{"x":[0.667,0.667,0.667],"y":[1,1,0.667]},"o":{"x":[0.333,0.333,0.333],"y":[0,0,0.333]},"n":["0p667_1_0p333_0","0p667_1_0p333_0","0p667_0p667_0p333_0p333"],"t":77,"s":[54,54,100],"e":[0,0,100]},{"t":83}]}},"ao":0,"ip":5,"op":97,"st":5,"bm":0,"sr":1},{"ddd":0,"ind":5,"ty":2,"nm":"3.png","cl":"png","refId":"image_5","ks":{"o":{"k":100},"r":{"k":[{"i":{"x":[0.667],"y":[1]},"o":{"x":[0.333],"y":[0]},"n":["0p667_1_0p333_0"],"t":4,"s":[5],"e":[-5]},{"i":{"x":[0.667],"y":[1]},"o":{"x":[0.333],"y":[0]},"n":["0p667_1_0p333_0"],"t":43,"s":[-5],"e":[5]},{"t":82}],"x":"var $bm_rt;\n$bm_rt = loopOut(type = 'cycle', numKeyframes = 0);"},"p":{"k":[{"i":{"x":0.667,"y":1},"o":{"x":0.333,"y":0},"n":"0p667_1_0p333_0","t":4,"s":[318,887,0],"e":[303,863,0],"to":[0,0,0],"ti":[0,0,0]},{"t":82}]},"a":{"k":[127.5,127.5,0]},"s":{"k":[{"i":{"x":[0.833,0.833,0.833],"y":[0.953,0.953,0.833]},"o":{"x":[0.06,0.06,0.333],"y":[0.257,0.257,0.333]},"n":["0p833_0p953_0p06_0p257","0p833_0p953_0p06_0p257","0p833_0p833_0p333_0p333"],"t":4,"s":[0,0,100],"e":[50.4,50.4,100]},{"i":{"x":[0.699,0.699,0.667],"y":[1,1,0.667]},"o":{"x":[0.167,0.167,0.167],"y":[1.175,1.175,0.167]},"n":["0p699_1_0p167_1p175","0p699_1_0p167_1p175","0p667_0p667_0p167_0p167"],"t":16,"s":[50.4,50.4,100],"e":[56.4,56.4,100]},{"i":{"x":[0.699,0.699,0.667],"y":[0.699,0.699,0.667]},"o":{"x":[0.333,0.333,0.333],"y":[0.333,0.333,0.333]},"n":["0p699_0p699_0p333_0p333","0p699_0p699_0p333_0p333","0p667_0p667_0p333_0p333"],"t":52,"s":[56.4,56.4,100],"e":[56.4,56.4,100]},{"i":{"x":[0.667,0.667,0.667],"y":[1,1,0.667]},"o":{"x":[0.333,0.333,0.333],"y":[0,0,0.333]},"n":["0p667_1_0p333_0","0p667_1_0p333_0","0p667_0p667_0p333_0p333"],"t":76,"s":[56.4,56.4,100],"e":[0,0,100]},{"t":82}]}},"ao":0,"ip":4,"op":97,"st":4,"bm":0,"sr":1},{"ddd":0,"ind":6,"ty":2,"nm":"7.png","cl":"png","refId":"image_6","ks":{"o":{"k":100},"r":{"k":[{"i":{"x":[0.667],"y":[1]},"o":{"x":[0.333],"y":[0]},"n":["0p667_1_0p333_0"],"t":3,"s":[5],"e":[-5]},{"i":{"x":[0.667],"y":[1]},"o":{"x":[0.333],"y":[0]},"n":["0p667_1_0p333_0"],"t":42,"s":[-5],"e":[5]},{"t":81}],"x":"var $bm_rt;\n$bm_rt = loopOut(type = 'cycle', numKeyframes = 0);"},"p":{"k":[{"i":{"x":0.667,"y":1},"o":{"x":0.333,"y":0},"n":"0p667_1_0p333_0","t":3,"s":[122,914,0],"e":[111.2,899.4,0],"to":[0,0,0],"ti":[0,0,0]},{"t":81}]},"a":{"k":[127.5,127.5,0]},"s":{"k":[{"i":{"x":[0.833,0.833,0.833],"y":[0.955,0.955,0.833]},"o":{"x":[0.062,0.062,0.333],"y":[0.239,0.239,0.333]},"n":["0p833_0p955_0p062_0p239","0p833_0p955_0p062_0p239","0p833_0p833_0p333_0p333"],"t":3,"s":[0,0,100],"e":[50.4,50.4,100]},{"i":{"x":[0.699,0.699,0.667],"y":[1,1,0.667]},"o":{"x":[0.167,0.167,0.167],"y":[1.625,1.625,0.167]},"n":["0p699_1_0p167_1p625","0p699_1_0p167_1p625","0p667_0p667_0p167_0p167"],"t":15,"s":[50.4,50.4,100],"e":[54.6,54.6,100]},{"i":{"x":[0.699,0.699,0.667],"y":[0.699,0.699,0.667]},"o":{"x":[0.333,0.333,0.333],"y":[0.333,0.333,0.333]},"n":["0p699_0p699_0p333_0p333","0p699_0p699_0p333_0p333","0p667_0p667_0p333_0p333"],"t":51,"s":[54.6,54.6,100],"e":[54.6,54.6,100]},{"i":{"x":[0.667,0.667,0.667],"y":[1,1,0.667]},"o":{"x":[0.333,0.333,0.333],"y":[0,0,0.333]},"n":["0p667_1_0p333_0","0p667_1_0p333_0","0p667_0p667_0p333_0p333"],"t":75,"s":[54.6,54.6,100],"e":[0,0,100]},{"t":81}]}},"ao":0,"ip":3,"op":97,"st":3,"bm":0,"sr":1},{"ddd":0,"ind":7,"ty":2,"nm":"6.png","cl":"png","refId":"image_7","ks":{"o":{"k":100},"r":{"k":[{"i":{"x":[0.667],"y":[1]},"o":{"x":[0.333],"y":[0]},"n":["0p667_1_0p333_0"],"t":2,"s":[5],"e":[-5]},{"i":{"x":[0.667],"y":[1]},"o":{"x":[0.333],"y":[0]},"n":["0p667_1_0p333_0"],"t":41,"s":[-5],"e":[5]},{"t":80}],"x":"var $bm_rt;\n$bm_rt = loopOut(type = 'cycle', numKeyframes = 0);"},"p":{"k":[{"i":{"x":0.667,"y":1},"o":{"x":0.333,"y":0},"n":"0p667_1_0p333_0","t":2,"s":[424,737,0],"e":[409,736,0],"to":[0,0,0],"ti":[0,0,0]},{"t":80}]},"a":{"k":[127.5,127.5,0]},"s":{"k":[{"i":{"x":[0.833,0.833,0.833],"y":[0.954,0.954,0.833]},"o":{"x":[0.123,0.123,0.333],"y":[0.242,0.242,0.333]},"n":["0p833_0p954_0p123_0p242","0p833_0p954_0p123_0p242","0p833_0p833_0p333_0p333"],"t":2,"s":[0,0,100],"e":[54.6,54.6,100]},{"i":{"x":[0.699,0.699,0.667],"y":[1,1,0.667]},"o":{"x":[0.167,0.167,0.167],"y":[1.263,1.263,0.167]},"n":["0p699_1_0p167_1p263","0p699_1_0p167_1p263","0p667_0p667_0p167_0p167"],"t":14,"s":[54.6,54.6,100],"e":[60.6,60.6,100]},{"i":{"x":[0.699,0.699,0.667],"y":[0.699,0.699,0.667]},"o":{"x":[0.333,0.333,0.333],"y":[0.333,0.333,0.333]},"n":["0p699_0p699_0p333_0p333","0p699_0p699_0p333_0p333","0p667_0p667_0p333_0p333"],"t":50,"s":[60.6,60.6,100],"e":[60.6,60.6,100]},{"i":{"x":[0.667,0.667,0.667],"y":[1,1,0.667]},"o":{"x":[0.333,0.333,0.333],"y":[0,0,0.333]},"n":["0p667_1_0p333_0","0p667_1_0p333_0","0p667_0p667_0p333_0p333"],"t":74,"s":[60.6,60.6,100],"e":[0,0,100]},{"t":80}]}},"ao":0,"ip":2,"op":97,"st":2,"bm":0,"sr":1},{"ddd":0,"ind":8,"ty":2,"nm":"1.png","cl":"png","refId":"image_8","ks":{"o":{"k":100},"r":{"k":[{"i":{"x":[0.667],"y":[1]},"o":{"x":[0.333],"y":[0]},"n":["0p667_1_0p333_0"],"t":1,"s":[5],"e":[-5]},{"i":{"x":[0.667],"y":[1]},"o":{"x":[0.333],"y":[0]},"n":["0p667_1_0p333_0"],"t":40,"s":[-5],"e":[5]},{"t":79}],"x":"var $bm_rt;\n$bm_rt = loopOut(type = 'cycle', numKeyframes = 0);"},"p":{"k":[{"i":{"x":0.667,"y":1},"o":{"x":0.333,"y":0},"n":"0p667_1_0p333_0","t":1,"s":[156,209,0],"e":[145,219.2,0],"to":[0,0,0],"ti":[0,0,0]},{"t":79}]},"a":{"k":[127.5,127.5,0]},"s":{"k":[{"i":{"x":[0.833,0.833,0.833],"y":[0.954,0.954,0.833]},"o":{"x":[0.02,0.02,0.333],"y":[0.215,0.215,0.333]},"n":["0p833_0p954_0p02_0p215","0p833_0p954_0p02_0p215","0p833_0p833_0p333_0p333"],"t":1,"s":[0,0,100],"e":[54,54,100]},{"i":{"x":[0.699,0.699,0.667],"y":[1,1,0.667]},"o":{"x":[0.167,0.167,0.167],"y":[1.25,1.25,0.167]},"n":["0p699_1_0p167_1p25","0p699_1_0p167_1p25","0p667_0p667_0p167_0p167"],"t":13,"s":[54,54,100],"e":[60,60,100]},{"i":{"x":[0.699,0.699,0.667],"y":[0.699,0.699,0.667]},"o":{"x":[0.333,0.333,0.333],"y":[0.333,0.333,0.333]},"n":["0p699_0p699_0p333_0p333","0p699_0p699_0p333_0p333","0p667_0p667_0p333_0p333"],"t":49,"s":[60,60,100],"e":[60,60,100]},{"i":{"x":[0.667,0.667,0.667],"y":[1,1,0.667]},"o":{"x":[0.333,0.333,0.333],"y":[0,0,0.333]},"n":["0p667_1_0p333_0","0p667_1_0p333_0","0p667_0p667_0p333_0p333"],"t":73,"s":[60,60,100],"e":[0,0,100]},{"t":79}]}},"ao":0,"ip":1,"op":97,"st":1,"bm":0,"sr":1},{"ddd":0,"ind":9,"ty":2,"nm":"8.png","cl":"png","refId":"image_9","ks":{"o":{"k":100},"r":{"k":[{"i":{"x":[0.667],"y":[1]},"o":{"x":[0.333],"y":[0]},"n":["0p667_1_0p333_0"],"t":0,"s":[5],"e":[-5]},{"i":{"x":[0.667],"y":[1]},"o":{"x":[0.333],"y":[0]},"n":["0p667_1_0p333_0"],"t":39,"s":[-5],"e":[5]},{"t":78}],"x":"var $bm_rt;\n$bm_rt = loopOut(type = 'cycle', numKeyframes = 0);"},"p":{"k":[{"i":{"x":0.667,"y":1},"o":{"x":0.333,"y":0},"n":"0p667_1_0p333_0","t":0,"s":[502,512,0],"e":[513.5,503.5,0],"to":[0,0,0],"ti":[0,0,0]},{"t":78}]},"a":{"k":[127.5,127.5,0]},"s":{"k":[{"i":{"x":[0.833,0.833,0.833],"y":[0.954,0.954,0.833]},"o":{"x":[0.083,0.083,0.333],"y":[0.549,0.549,0.333]},"n":["0p833_0p954_0p083_0p549","0p833_0p954_0p083_0p549","0p833_0p833_0p333_0p333"],"t":0,"s":[0,0,100],"e":[59.4,59.4,100]},{"i":{"x":[0.667,0.667,0.667],"y":[1,1,0.667]},"o":{"x":[0.167,0.167,0.167],"y":[1.363,1.363,0.167]},"n":["0p667_1_0p167_1p363","0p667_1_0p167_1p363","0p667_0p667_0p167_0p167"],"t":12,"s":[59.4,59.4,100],"e":[65.4,65.4,100]},{"i":{"x":[0.667,0.667,0.667],"y":[0.667,0.667,0.667]},"o":{"x":[0.333,0.333,0.333],"y":[0.333,0.333,0.333]},"n":["0p667_0p667_0p333_0p333","0p667_0p667_0p333_0p333","0p667_0p667_0p333_0p333"],"t":48,"s":[65.4,65.4,100],"e":[65.4,65.4,100]},{"i":{"x":[0.667,0.667,0.667],"y":[1,1,0.667]},"o":{"x":[0.333,0.333,0.333],"y":[0,0,0.333]},"n":["0p667_1_0p333_0","0p667_1_0p333_0","0p667_0p667_0p333_0p333"],"t":72,"s":[65.4,65.4,100],"e":[0,0,100]},{"t":78}]}},"ao":0,"ip":0,"op":97,"st":0,"bm":0,"sr":1},{"ddd":0,"ind":10,"ty":0,"nm":"苹果","refId":"comp_0","ks":{"o":{"k":100},"r":{"k":0},"p":{"k":[281.4,541.8,0]},"a":{"k":[250,250,0]},"s":{"k":[58,58,100]}},"ao":0,"ef":[{"ty":5,"nm":"Slider Control","mn":"ADBE Slider Control","ix":1,"ef":[{"ty":0,"nm":"Slider","mn":"ADBE Slider Control-0001","ix":1,"v":{"k":0}}]}],"w":500,"h":500,"ip":9,"op":297,"st":9,"bm":0,"sr":1},{"ddd":0,"ind":11,"ty":0,"nm":"黄瓜","refId":"comp_1","ks":{"o":{"k":100},"r":{"k":0},"p":{"k":[212.2,731.6,0]},"a":{"k":[250,250,0]},"s":{"k":[74,74,100]}},"ao":0,"ef":[{"ty":5,"nm":"Slider Control","mn":"ADBE Slider Control","ix":1,"ef":[{"ty":0,"nm":"Slider","mn":"ADBE Slider Control-0001","ix":1,"v":{"k":55}}]}],"w":500,"h":500,"ip":8,"op":296,"st":8,"bm":0,"sr":1},{"ddd":0,"ind":12,"ty":0,"nm":"气球","refId":"comp_2","ks":{"o":{"k":100},"r":{"k":0},"p":{"k":[342.2,348.6,0]},"a":{"k":[250,250,0]},"s":{"k":[82,82,100]}},"ao":0,"ef":[{"ty":5,"nm":"Slider Control","mn":"ADBE Slider Control","ix":1,"ef":[{"ty":0,"nm":"Slider","mn":"ADBE Slider Control-0001","ix":1,"v":{"k":76.473}}]}],"w":500,"h":500,"ip":7,"op":295,"st":7,"bm":0,"sr":1},{"ddd":0,"ind":13,"ty":0,"nm":"吻","refId":"comp_3","ks":{"o":{"k":100},"r":{"k":0},"p":{"k":[94.6,452,0]},"a":{"k":[250,250,0]},"s":{"k":[62,62,100]}},"ao":0,"ef":[{"ty":5,"nm":"Slider Control","mn":"ADBE Slider Control","ix":1,"ef":[{"ty":0,"nm":"Slider","mn":"ADBE Slider Control-0001","ix":1,"v":{"k":82.709}}]}],"w":500,"h":500,"ip":6,"op":294,"st":6,"bm":0,"sr":1},{"ddd":0,"ind":14,"ty":0,"nm":"鸡","refId":"comp_4","ks":{"o":{"k":100},"r":{"k":0},"p":{"k":[519.1,946.5,0]},"a":{"k":[250,250,0]},"s":{"k":[86,86,100]}},"ao":0,"ef":[{"ty":5,"nm":"Slider Control","mn":"ADBE Slider Control","ix":1,"ef":[{"ty":0,"nm":"Slider","mn":"ADBE Slider Control-0001","ix":1,"v":{"k":83.633}}]}],"w":500,"h":500,"ip":5,"op":293,"st":5,"bm":0,"sr":1},{"ddd":0,"ind":15,"ty":0,"nm":"狗","refId":"comp_5","ks":{"o":{"k":100},"r":{"k":0},"p":{"k":[318,887.5,0]},"a":{"k":[250,250,0]},"s":{"k":[58,58,100]}},"ao":0,"ef":[{"ty":5,"nm":"Slider Control","mn":"ADBE Slider Control","ix":1,"ef":[{"ty":0,"nm":"Slider","mn":"ADBE Slider Control-0001","ix":1,"v":{"k":88.57}}]}],"w":500,"h":500,"ip":4,"op":292,"st":4,"bm":0,"sr":1},{"ddd":0,"ind":16,"ty":0,"nm":"屎","refId":"comp_6","ks":{"o":{"k":100},"r":{"k":0},"p":{"k":[122.2,914.4,0]},"a":{"k":[250,250,0]},"s":{"k":[77.6,77.6,100]}},"ao":0,"ef":[{"ty":5,"nm":"Slider Control","mn":"ADBE Slider Control","ix":1,"ef":[{"ty":0,"nm":"Slider","mn":"ADBE Slider Control-0001","ix":1,"v":{"k":86.108}}]}],"w":500,"h":500,"ip":3,"op":291,"st":3,"bm":0,"sr":1},{"ddd":0,"ind":17,"ty":0,"nm":"药","refId":"comp_7","ks":{"o":{"k":100},"r":{"k":0},"p":{"k":[424.4,737,0]},"a":{"k":[250,250,0]},"s":{"k":[68,68,100]}},"ao":0,"ef":[{"ty":5,"nm":"Slider Control","mn":"ADBE Slider Control","ix":1,"ef":[{"ty":0,"nm":"Slider","mn":"ADBE Slider Control-0001","ix":1,"v":{"k":101}}]}],"w":500,"h":500,"ip":2,"op":290,"st":2,"bm":0,"sr":1},{"ddd":0,"ind":18,"ty":0,"nm":"棒棒糖","refId":"comp_8","ks":{"o":{"k":100},"r":{"k":0},"p":{"k":[156,209.2,0]},"a":{"k":[250,250,0]},"s":{"k":[98,98,100]}},"ao":0,"ef":[{"ty":5,"nm":"Slider Control","mn":"ADBE Slider Control","ix":1,"ef":[{"ty":0,"nm":"Slider","mn":"ADBE Slider Control-0001","ix":1,"v":{"k":100}}]}],"w":500,"h":500,"ip":1,"op":289,"st":1,"bm":0,"sr":1},{"ddd":0,"ind":19,"ty":0,"nm":"蛋糕","refId":"comp_9","ks":{"o":{"k":100},"r":{"k":0},"p":{"k":[502.2,512.2,0]},"a":{"k":[250,250,0]},"s":{"k":[95,95,100]}},"ao":0,"ef":[{"ty":5,"nm":"Slider Control","mn":"ADBE Slider Control","ix":1,"ef":[{"ty":0,"nm":"Slider","mn":"ADBE Slider Control-0001","ix":1,"v":{"k":109}}]}],"w":500,"h":500,"ip":0,"op":288,"st":0,"bm":0,"sr":1}],"v":"4.5.4","ddd":0,"ip":0,"op":97,"fr":24,"w":640,"h":1138}