{"assets":[{"id":"image_0","w":178,"h":178,"u":"images/","p":"img_0.png"},{"id":"image_1","w":306,"h":307,"u":"images/","p":"img_1.png"},{"id":"image_2","w":185,"h":222,"u":"images/","p":"img_2.png"}],"layers":[{"ddd":0,"ind":3,"ty":3,"nm":"Null 1","ks":{"o":{"k":0},"r":{"k":0},"p":{"k":[320,569,0]},"a":{"k":[0,0,0]},"s":{"k":[{"i":{"x":[0.667,0.667,0.667],"y":[1,1,0.667]},"o":{"x":[0.174,0.174,0.333],"y":[0.985,0.985,0.333]},"n":["0p667_1_0p174_0p985","0p667_1_0p174_0p985","0p667_0p667_0p333_0p333"],"t":0,"s":[0,0,100],"e":[70,70,100]},{"i":{"x":[0.842,0.842,0.842],"y":[0.842,0.842,0.842]},"o":{"x":[0.231,0.231,0.231],"y":[0.231,0.231,0.231]},"n":["0p842_0p842_0p231_0p231","0p842_0p842_0p231_0p231","0p842_0p842_0p231_0p231"],"t":24,"s":[70,70,100],"e":[70,70,100]},{"i":{"x":[0.88,0.88,0.833],"y":[0.608,0.608,0.833]},"o":{"x":[0.496,0.496,0.167],"y":[0,0,0.167]},"n":["0p88_0p608_0p496_0","0p88_0p608_0p496_0","0p833_0p833_0p167_0p167"],"t":108,"s":[70,70,100],"e":[0,0,100]},{"t":120}]}},"ao":0,"ip":0,"op":120,"st":0,"bm":0,"sr":1},{"ddd":0,"ind":4,"ty":2,"nm":"光3.png 2","cl":"png","parent":3,"refId":"image_0","ks":{"o":{"k":[{"i":{"x":[0.833],"y":[0.833]},"o":{"x":[0.167],"y":[0.167]},"n":["0p833_0p833_0p167_0p167"],"t":30,"s":[0],"e":[100]},{"i":{"x":[0.833],"y":[0.833]},"o":{"x":[0.167],"y":[0.167]},"n":["0p833_0p833_0p167_0p167"],"t":60,"s":[100],"e":[0]},{"t":90}],"x":"var $bm_rt;\n$bm_rt = loopOut(type = 'cycle', numKeyframes = 0);"},"r":{"k":0,"x":"var $bm_rt;\n$bm_rt = mul(time, 60);"},"p":{"k":[84.25,75.5,0]},"a":{"k":[89,89,0]},"s":{"k":[33,33,100]}},"ao":0,"ef":[{"ty":5,"nm":"Hue/Saturation","mn":"ADBE HUE SATURATION","ix":1,"ef":[{"ty":7,"nm":"Channel Control","mn":"ADBE HUE SATURATION-0002","ix":1,"v":{"k":1}},{},{"ty":0,"nm":"Master Hue","mn":"ADBE HUE SATURATION-0004","ix":3,"v":{"k":0}},{"ty":0,"nm":"Master Saturation","mn":"ADBE HUE SATURATION-0005","ix":4,"v":{"k":0}},{"ty":0,"nm":"Master Lightness","mn":"ADBE HUE SATURATION-0006","ix":5,"v":{"k":0}},{"ty":7,"nm":"Colorize","mn":"ADBE HUE SATURATION-0007","ix":6,"v":{"k":1}},{"ty":0,"nm":"Colorize Hue","mn":"ADBE HUE SATURATION-0008","ix":7,"v":{"k":50}},{"ty":0,"nm":"Colorize Saturation","mn":"ADBE HUE SATURATION-0009","ix":8,"v":{"k":100}},{"ty":0,"nm":"Colorize Lightness","mn":"ADBE HUE SATURATION-0010","ix":9,"v":{"k":50}}]}],"ip":30,"op":150,"st":6,"bm":0,"sr":1},{"ddd":0,"ind":5,"ty":2,"nm":"光2.png 2","cl":"png","parent":3,"refId":"image_0","ks":{"o":{"k":[{"i":{"x":[0.833],"y":[0.833]},"o":{"x":[0.167],"y":[0.167]},"n":["0p833_0p833_0p167_0p167"],"t":15,"s":[0],"e":[100]},{"i":{"x":[0.833],"y":[0.833]},"o":{"x":[0.167],"y":[0.167]},"n":["0p833_0p833_0p167_0p167"],"t":45,"s":[100],"e":[0]},{"t":75}],"x":"var $bm_rt;\n$bm_rt = loopOut(type = 'cycle', numKeyframes = 0);"},"r":{"k":0,"x":"var $bm_rt;\n$bm_rt = mul(time, 60);"},"p":{"k":[-70.036,12.643,0]},"a":{"k":[89,89,0]},"s":{"k":[33,33,100]}},"ao":0,"ef":[{"ty":5,"nm":"Hue/Saturation","mn":"ADBE HUE SATURATION","ix":1,"ef":[{"ty":7,"nm":"Channel Control","mn":"ADBE HUE SATURATION-0002","ix":1,"v":{"k":1}},{},{"ty":0,"nm":"Master Hue","mn":"ADBE HUE SATURATION-0004","ix":3,"v":{"k":0}},{"ty":0,"nm":"Master Saturation","mn":"ADBE HUE SATURATION-0005","ix":4,"v":{"k":0}},{"ty":0,"nm":"Master Lightness","mn":"ADBE HUE SATURATION-0006","ix":5,"v":{"k":0}},{"ty":7,"nm":"Colorize","mn":"ADBE HUE SATURATION-0007","ix":6,"v":{"k":1}},{"ty":0,"nm":"Colorize Hue","mn":"ADBE HUE SATURATION-0008","ix":7,"v":{"k":50}},{"ty":0,"nm":"Colorize Saturation","mn":"ADBE HUE SATURATION-0009","ix":8,"v":{"k":100}},{"ty":0,"nm":"Colorize Lightness","mn":"ADBE HUE SATURATION-0010","ix":9,"v":{"k":50}}]}],"ip":15,"op":165,"st":-9,"bm":0,"sr":1},{"ddd":0,"ind":6,"ty":2,"nm":"光1.png 4","cl":"png","parent":3,"refId":"image_0","ks":{"o":{"k":[{"i":{"x":[0.833],"y":[0.833]},"o":{"x":[0.167],"y":[0.167]},"n":["0p833_0p833_0p167_0p167"],"t":-30,"s":[0],"e":[0]},{"i":{"x":[0.833],"y":[0.833]},"o":{"x":[0.167],"y":[0.167]},"n":["0p833_0p833_0p167_0p167"],"t":0,"s":[0],"e":[100]},{"i":{"x":[0.833],"y":[0.833]},"o":{"x":[0.167],"y":[0.167]},"n":["0p833_0p833_0p167_0p167"],"t":30,"s":[100],"e":[0]},{"t":60}],"x":"var $bm_rt;\n$bm_rt = loopOut(type = 'cycle', numKeyframes = 0);"},"r":{"k":0,"x":"var $bm_rt;\n$bm_rt = mul(time, 60);"},"p":{"k":[-52.496,-119.714,0]},"a":{"k":[89,89,0]},"s":{"k":[40,40,100]}},"ao":0,"ef":[{"ty":5,"nm":"Hue/Saturation","mn":"ADBE HUE SATURATION","ix":1,"ef":[{"ty":7,"nm":"Channel Control","mn":"ADBE HUE SATURATION-0002","ix":1,"v":{"k":1}},{},{"ty":0,"nm":"Master Hue","mn":"ADBE HUE SATURATION-0004","ix":3,"v":{"k":0}},{"ty":0,"nm":"Master Saturation","mn":"ADBE HUE SATURATION-0005","ix":4,"v":{"k":0}},{"ty":0,"nm":"Master Lightness","mn":"ADBE HUE SATURATION-0006","ix":5,"v":{"k":0}},{"ty":7,"nm":"Colorize","mn":"ADBE HUE SATURATION-0007","ix":6,"v":{"k":1}},{"ty":0,"nm":"Colorize Hue","mn":"ADBE HUE SATURATION-0008","ix":7,"v":{"k":0}},{"ty":0,"nm":"Colorize Saturation","mn":"ADBE HUE SATURATION-0009","ix":8,"v":{"k":25}},{"ty":0,"nm":"Colorize Lightness","mn":"ADBE HUE SATURATION-0010","ix":9,"v":{"k":100}}]}],"ip":-12,"op":150,"st":-54,"bm":0,"sr":1},{"ddd":0,"ind":7,"ty":2,"nm":"ALLINICON.png","cl":"png","parent":3,"refId":"image_1","ks":{"o":{"k":100},"r":{"k":0},"p":{"k":[0,0,0]},"a":{"k":[153,153.5,0]},"s":{"k":[100,100,100]}},"ao":0,"ef":[{"ty":5,"nm":"Curves","mn":"ADBE CurvesCustom","ix":1,"ef":[{"ty":7,"nm":"Channel:","mn":"ADBE CurvesCustom-0002","ix":1,"v":{"k":1}},{}]},{"ty":5,"nm":"Fast Blur","mn":"ADBE Fast Blur","ix":2,"ef":[{"ty":0,"nm":"Blurriness","mn":"ADBE Fast Blur-0001","ix":1,"v":{"k":2}},{"ty":7,"nm":"Blur Dimensions","mn":"ADBE Fast Blur-0002","ix":2,"v":{"k":1}},{"ty":7,"nm":"Repeat Edge Pixels","mn":"ADBE Fast Blur-0003","ix":3,"v":{"k":0}}]},{"ty":5,"nm":"Sharpen","mn":"ADBE Sharpen","ix":3,"ef":[{"ty":0,"nm":"Sharpen Amount","mn":"ADBE Sharpen-0001","ix":1,"v":{"k":20}}]}],"ip":0,"op":120,"st":0,"bm":0,"sr":1},{"ddd":0,"ind":8,"ty":2,"nm":"翅膀.png","cl":"png","refId":"image_2","ks":{"o":{"k":100},"r":{"k":[{"i":{"x":[0.224],"y":[1]},"o":{"x":[0.046],"y":[0]},"n":["0p224_1_0p046_0"],"t":0,"s":[90],"e":[0]},{"i":{"x":[0.833],"y":[0.833]},"o":{"x":[0.167],"y":[0.167]},"n":["0p833_0p833_0p167_0p167"],"t":24,"s":[0],"e":[0]},{"i":{"x":[0.833],"y":[1]},"o":{"x":[0.167],"y":[0]},"n":["0p833_1_0p167_0"],"t":108,"s":[0],"e":[90]},{"t":120}]},"p":{"k":[320,545,0]},"a":{"k":[-19.615,131.962,0]},"s":{"k":[{"i":{"x":[0.227,0.227,0.667],"y":[1,1,0.667]},"o":{"x":[0.026,0.026,0.333],"y":[0.037,0.037,0.333]},"n":["0p227_1_0p026_0p037","0p227_1_0p026_0p037","0p667_0p667_0p333_0p333"],"t":0,"s":[0,0,100],"e":[130,130,100]},{"i":{"x":[0.833,0.833,0.833],"y":[0.833,0.833,0.833]},"o":{"x":[0.167,0.167,0.167],"y":[0.167,0.167,0.167]},"n":["0p833_0p833_0p167_0p167","0p833_0p833_0p167_0p167","0p833_0p833_0p167_0p167"],"t":24,"s":[130,130,100],"e":[130,130,100]},{"i":{"x":[0.833,0.833,0.833],"y":[1,1,0.833]},"o":{"x":[0.167,0.167,0.167],"y":[0,0,0.167]},"n":["0p833_1_0p167_0","0p833_1_0p167_0","0p833_0p833_0p167_0p167"],"t":108,"s":[130,130,100],"e":[0,0,100]},{"t":120}]}},"ao":0,"ip":0,"op":132,"st":0,"bm":0,"sr":1},{"ddd":0,"ind":9,"ty":2,"nm":"翅膀.png","cl":"png","refId":"image_2","ks":{"o":{"k":100},"r":{"k":[{"i":{"x":[0.224],"y":[1]},"o":{"x":[0.046],"y":[0]},"n":["0p224_1_0p046_0"],"t":0,"s":[-90],"e":[0]},{"i":{"x":[0.833],"y":[0.833]},"o":{"x":[0.167],"y":[0.167]},"n":["0p833_0p833_0p167_0p167"],"t":24,"s":[0],"e":[0]},{"i":{"x":[0.833],"y":[1]},"o":{"x":[0.167],"y":[0]},"n":["0p833_1_0p167_0"],"t":108,"s":[0],"e":[-90]},{"t":120}]},"p":{"k":[320,545,0]},"a":{"k":[-20,131.962,0]},"s":{"k":[{"i":{"x":[0.227,0.227,0.667],"y":[1,1,0.667]},"o":{"x":[0.046,0.046,0.333],"y":[0,0,0.333]},"n":["0p227_1_0p046_0","0p227_1_0p046_0","0p667_0p667_0p333_0p333"],"t":0,"s":[0,0,100],"e":[-130,130,100]},{"i":{"x":[0.833,0.833,0.833],"y":[0.833,0.833,0.833]},"o":{"x":[0.167,0.167,0.167],"y":[0.167,0.167,0.167]},"n":["0p833_0p833_0p167_0p167","0p833_0p833_0p167_0p167","0p833_0p833_0p167_0p167"],"t":24,"s":[-130,130,100],"e":[-130,130,100]},{"i":{"x":[0.833,0.833,0.833],"y":[1,1,0.833]},"o":{"x":[0.167,0.167,0.167],"y":[0,0,0.167]},"n":["0p833_1_0p167_0","0p833_1_0p167_0","0p833_0p833_0p167_0p167"],"t":108,"s":[-130,130,100],"e":[0,0,100]},{"t":120}]}},"ao":0,"ip":0,"op":132,"st":0,"bm":0,"sr":1}],"v":"4.5.4","ddd":0,"ip":0,"op":120,"fr":24,"w":640,"h":1138}